2026-01-19T08:07:07.721246,6
2026-01-19T08:27:12.889467,8
2026-01-19T08:27:27.388846,8
2026-01-19T08:42:19.640389,11
2026-01-19T08:42:49.113517,11
2026-01-19T08:54:11.679311,16
2026-01-19T09:03:07.998614,18
2026-01-19T09:15:54.971143,18
2026-01-19T09:17:38.110234,18
2026-01-19T09:38:14.403711,21
2026-01-19T09:57:35.032423,19
2026-01-19T10:09:01.344077,19
2026-01-19T10:30:28.222350,17
2026-01-19T10:57:37.795855,17
2026-01-19T11:01:32.011856,17
2026-01-19T11:24:30.776441,16
2026-01-19T11:51:44.221661,14
2026-01-19T13:08:12.863074,14
2026-01-19T13:55:27.808817,13
2026-01-19T14:04:20.712654,14
2026-01-19T14:58:26.149957,24
2026-01-19T15:52:22.974531,39
2026-01-19T16:59:10.928645,41
2026-01-19T17:49:08.997267,45
2026-01-19T17:57:51.483138,41
2026-01-19T18:58:45.935825,35
2026-01-19T19:32:55.792204,29
2026-01-19T19:46:36.414027,27
2026-01-19T19:53:37.064407,28
2026-01-19T20:43:12.343733,18
2026-01-19T20:57:22.896390,17
2026-01-19T21:38:27.919749,10
2026-01-19T21:51:07.090729,8
2026-01-19T22:43:53.160675,5
2026-01-19T22:56:40.837780,2
2026-01-20T05:47:05.081242,7
2026-01-20T06:01:11.167911,6
2026-01-20T07:40:37.322368,10
2026-01-20T07:58:34.208876,11
2026-01-20T09:04:20.315031,8
2026-01-20T09:57:57.627149,14
2026-01-20T10:58:21.457589,9
2026-01-20T11:43:42.029776,12
2026-01-20T11:57:32.867535,11
2026-01-20T13:58:42.198670,18
2026-01-20T15:01:42.718453,24
2026-01-20T16:00:37.691586,39
2026-01-20T17:05:48.854382,54
2026-01-20T17:57:30.780025,45
2026-01-20T20:36:02.607921,18
2026-01-20T21:02:12.688742,13
2026-01-20T21:42:47.884824,10
2026-01-20T21:52:03.535918,10
2026-01-20T22:40:48.240223,10
2026-01-20T22:52:47.299562,10
2026-01-21T05:18:57.300337,3
2026-01-21T05:57:42.841993,4
2026-01-21T07:18:39.605906,8
2026-01-21T07:56:00.954841,13
2026-01-21T09:02:28.188534,20
2026-01-21T09:58:36.076800,18
2026-01-21T11:00:13.233250,16
2026-01-21T11:47:17.303547,15
2026-01-21T11:58:22.385888,15
2026-01-21T13:59:56.728864,20
2026-01-21T15:02:37.622951,28
2026-01-21T16:03:06.060300,38
2026-01-21T18:09:29.333004,42
2026-01-21T19:43:06.060017,32
2026-01-21T20:59:07.356765,22
2026-01-21T21:54:47.381447,16
2026-01-21T22:56:18.066456,13
2026-01-22T05:48:40.571742,6
2026-01-22T07:03:03.143909,6
2026-01-22T07:51:11.789757,6
2026-01-22T09:03:40.378207,8
2026-01-22T09:57:54.217890,8
2026-01-22T10:58:51.812220,8
2026-01-22T11:46:04.288454,10
2026-01-22T11:58:36.918306,10
2026-01-22T13:59:58.226764,10
2026-01-22T15:02:09.191671,16
2026-01-22T16:00:30.546264,26
2026-01-22T17:46:41.393047,35
2026-01-22T19:02:50.456986,32
2026-01-22T19:46:30.744764,22
2026-01-22T19:58:36.275225,18
2026-01-22T20:55:17.173125,12
2026-01-22T21:47:45.306952,6
2026-01-22T22:00:01.587689,5
2026-01-22T22:52:28.964972,3
2026-01-23T05:06:04.162371,3
2026-01-23T05:53:54.117792,8
2026-01-23T07:02:30.729144,7
2026-01-23T07:47:39.180357,9
2026-01-23T07:58:57.188001,10
2026-01-23T09:00:30.802688,16
2026-01-23T09:54:36.551789,21
2026-01-23T10:54:53.396323,20
2026-01-23T11:40:22.595573,18
2026-01-23T11:56:22.669116,17
2026-01-23T13:55:22.934092,19
2026-01-23T14:56:33.376049,25
2026-01-23T15:52:44.930853,26
2026-01-23T17:01:37.866168,22
2026-01-23T17:49:15.300559,28
2026-01-23T18:00:26.618689,34
2026-01-23T19:03:26.623122,32
2026-01-23T19:40:47.373853,25
2026-01-23T19:53:59.828096,23
2026-01-23T20:49:50.474520,18
2026-01-23T21:39:16.850195,10
2026-01-23T21:53:16.726615,8
2026-01-23T22:42:16.928135,4
2026-01-23T22:55:34.659788,4
2026-01-24T06:57:22.430533,7
2026-01-24T07:35:45.696925,11
2026-01-24T07:48:07.903436,14
2026-01-24T07:58:59.686044,16
2026-01-24T08:53:30.548323,25
2026-01-24T09:38:53.075551,26
2026-01-24T09:51:48.851192,30
2026-01-24T10:43:10.630860,22
2026-01-24T10:55:47.481708,21
2026-01-24T11:31:17.342443,25
2026-01-24T11:45:43.904072,21
2026-01-24T11:57:19.049584,18
2026-01-24T13:42:55.873798,24
2026-01-24T13:56:12.848578,25
2026-01-24T14:41:29.147892,24
2026-01-24T14:54:31.218054,21
2026-01-24T15:37:55.185313,16
2026-01-24T15:51:51.789868,17
2026-01-24T16:49:18.244137,12
2026-01-24T17:00:22.586370,12
2026-01-24T17:39:33.400538,14
2026-01-24T17:50:51.737937,14
2026-01-24T18:55:08.454050,16
2026-01-24T19:29:24.444914,13
2026-01-24T19:43:11.235730,14
2026-01-24T19:54:51.519347,12
2026-01-24T20:39:58.000862,11
2026-01-24T20:53:52.477781,9
2026-01-25T06:59:38.384164,5
2026-01-25T07:39:35.484229,9
2026-01-25T07:51:40.829837,12
2026-01-25T08:52:08.582261,24
2026-01-25T09:39:51.210082,30
2026-01-25T09:53:00.047414,31
2026-01-25T10:46:06.513005,26
2026-01-25T10:57:01.345214,25
2026-01-25T11:32:09.658911,26
2026-01-25T11:46:37.095164,24
2026-01-25T11:57:38.438064,23
2026-01-25T13:44:55.589509,22
2026-01-25T13:58:17.937503,26
2026-01-25T14:42:19.290632,24
2026-01-25T14:54:27.955160,21
2026-01-25T15:38:56.732737,19
2026-01-25T15:53:06.432653,20
2026-01-25T16:51:54.546684,20
2026-01-25T17:38:51.615507,24
2026-01-25T17:51:57.160107,24
2026-01-25T18:54:54.155018,17
2026-01-25T19:30:19.357770,14
2026-01-25T19:45:03.703004,12
2026-01-25T19:56:31.125389,12
2026-01-25T20:46:22.629122,11
2026-01-25T20:57:56.623258,8
2026-01-26T05:56:35.650895,6
2026-01-26T07:05:29.524655,6
2026-01-26T07:51:38.861772,7
2026-01-26T09:03:11.034164,16
2026-01-26T09:59:35.023328,22
2026-01-26T10:56:38.036572,17
2026-01-26T11:39:27.291479,14
2026-01-26T11:54:35.800753,16
2026-01-26T13:57:01.841503,14
2026-01-26T14:59:59.467117,22
2026-01-26T15:57:11.356394,29
2026-01-26T17:46:30.311845,49
2026-01-26T19:03:39.815744,38
2026-01-26T19:45:45.463194,28
2026-01-26T19:57:35.098292,26
2026-01-26T20:54:12.263641,17
2026-01-26T21:47:22.503428,10
2026-01-26T21:59:37.957223,10
2026-01-26T22:50:51.190751,1
2026-01-27T05:45:50.534019,8
2026-01-27T06:00:45.790193,9
2026-01-27T07:05:02.718109,6
2026-01-27T07:51:41.692488,6
2026-01-27T09:02:42.465873,11
2026-01-27T09:58:44.639110,16
2026-01-27T10:59:52.030383,12
2026-01-27T11:47:01.094121,11
2026-01-27T11:59:14.954673,12
2026-01-27T14:01:09.748440,16
2026-01-27T15:03:56.124813,21
2026-01-27T15:55:07.686094,34
2026-01-27T17:03:18.048659,51
2026-01-27T17:57:05.533360,52
2026-01-27T19:17:31.336537,32
2026-01-27T19:54:02.010587,25
2026-01-27T20:48:44.972626,15
2026-01-27T21:00:18.568773,14
2026-01-27T21:39:25.886648,8
2026-01-27T21:54:27.583080,7
2026-01-27T22:47:18.110061,5
2026-01-27T22:58:29.828173,4
2026-01-28T05:47:09.603792,7
2026-01-28T07:02:43.932036,9
2026-01-28T07:50:02.371363,9
2026-01-28T07:59:59.603303,8
2026-01-28T09:05:34.935147,14
2026-01-28T10:00:06.163394,19
2026-01-28T10:59:50.654252,16
2026-01-28T11:45:20.930747,20
2026-01-28T11:58:24.142793,20
2026-01-28T14:00:36.313540,10
2026-01-28T15:02:58.886457,17
2026-01-28T16:04:37.012535,29
2026-01-28T17:51:28.638634,38
2026-01-28T19:04:05.443340,30
2026-01-28T19:54:40.884082,26
2026-01-28T21:02:23.575722,18
2026-01-28T21:57:07.458250,12
2026-01-28T22:58:49.605451,8
2026-01-29T07:29:41.408471,6
2026-01-29T10:01:02.634477,11
2026-01-29T11:46:59.231692,13
2026-01-29T14:11:06.335770,9
2026-01-29T15:59:56.407320,29
2026-01-29T17:57:37.568561,32
2026-01-29T19:44:07.172826,32
2026-01-29T20:55:53.776725,16
2026-01-29T21:54:59.718115,11
2026-01-29T22:58:38.379561,0
2026-01-30T07:30:01.367944,8
2026-01-30T09:08:06.162288,16
2026-01-30T11:02:01.737288,15
2026-01-30T11:55:41.434375,15
2026-01-30T14:07:25.517027,17
2026-01-30T15:54:44.960898,17
2026-01-30T17:54:05.352266,26
2026-01-30T19:46:48.067348,20
2026-01-30T20:59:07.232472,14
2026-01-30T21:49:44.451034,12
2026-01-30T22:00:05.341812,12
2026-01-30T22:58:50.536131,0
2026-01-31T06:04:13.151106,0
2026-01-31T07:42:02.430642,8
2026-01-31T07:59:16.095987,10
2026-01-31T08:59:56.144346,28
2026-01-31T09:53:37.741647,32
2026-01-31T10:54:09.082458,27
2026-01-31T11:39:08.753026,26
2026-01-31T11:54:50.042153,22
2026-01-31T13:53:25.904322,17
2026-01-31T14:53:16.074134,15
2026-01-31T15:47:23.992209,19
2026-01-31T16:00:56.506158,20
2026-01-31T16:59:44.495938,16
2026-01-31T17:52:16.590987,14
2026-01-31T18:59:35.153564,16
2026-01-31T19:38:37.523299,16
2026-01-31T19:54:02.572791,16
2026-01-31T20:50:52.845935,12
2026-02-01T07:27:16.042235,6
2026-02-01T08:00:54.417794,8
2026-02-01T09:02:41.946185,30
2026-02-01T09:56:12.088984,37
2026-02-01T10:56:57.092885,26
2026-02-01T11:41:43.662194,24
2026-02-01T11:57:35.866831,22
2026-02-01T13:55:18.728972,18
2026-02-01T14:55:50.007228,14
2026-02-01T15:51:13.725029,18
2026-02-01T16:58:36.851052,20
2026-02-01T17:53:20.448567,22
2026-02-01T19:04:52.895629,21
2026-02-01T19:46:43.866260,16
2026-02-01T19:58:44.711179,16
2026-02-01T20:54:17.894464,13
2026-02-02T05:16:52.392505,7
2026-02-02T07:57:02.712403,7
2026-02-02T10:29:58.961505,16
2026-02-02T11:57:33.617835,13
2026-02-02T14:27:17.951150,17
2026-02-02T16:02:11.049273,42
2026-02-02T18:04:56.957131,43
2026-02-03T05:07:43.988778,4
2026-02-03T07:33:22.995319,10
2026-02-03T09:26:42.317957,17
2026-02-03T11:22:59.117071,16
2026-02-03T12:03:28.320341,19
2026-02-03T14:35:04.703067,18
2026-02-03T17:40:15.366355,54
2026-02-03T19:52:30.391545,32
2026-02-03T21:50:49.994622,11
2026-02-04T07:34:57.930822,8
2026-02-04T10:04:47.974644,12
2026-02-04T11:49:06.727801,14
2026-02-04T14:28:15.579296,12
2026-02-04T17:12:35.727421,39
2026-02-04T19:29:44.552837,26
2026-02-04T21:02:28.751003,18
2026-02-04T21:56:14.056189,11
2026-02-04T22:56:16.645067,6
2026-02-05T05:08:50.100338,2
2026-02-05T07:55:34.007541,5
2026-02-05T10:10:12.803874,13
2026-02-05T11:52:57.351418,16
2026-02-05T14:33:48.508979,12
2026-02-05T17:32:02.342497,30
2026-02-05T19:46:53.327382,22
2026-02-05T21:03:09.438887,14
2026-02-05T21:57:08.119069,11
2026-02-06T05:06:32.150674,3
2026-02-06T07:52:14.275490,12
2026-02-06T10:06:45.866559,14
2026-02-06T11:49:44.470756,21
2026-02-06T14:27:00.679225,23
2026-02-06T16:27:49.773752,24
2026-02-06T19:11:16.821376,24
2026-02-06T20:02:02.090878,16
2026-02-06T21:04:16.218038,17
2026-02-06T21:55:43.378691,16
2026-02-06T22:52:39.754485,10
2026-02-07T07:09:41.768888,6
2026-02-07T07:56:48.061642,8
2026-02-07T09:01:15.609215,28
2026-02-07T09:55:59.232589,33
2026-02-07T10:57:15.668664,24
2026-02-07T11:44:01.211319,21
2026-02-07T11:58:39.460072,21
2026-02-07T13:56:16.726925,14
2026-02-07T14:56:11.648011,17
2026-02-07T15:50:40.102231,18
2026-02-07T17:00:03.339725,15
2026-02-07T17:54:53.515042,18
2026-02-07T19:04:49.907616,16
2026-02-07T19:47:23.043419,12
2026-02-07T19:58:39.737962,12
2026-02-07T20:57:23.904594,2
2026-02-08T07:29:33.222304,7
2026-02-08T08:02:12.697761,13
2026-02-08T09:03:02.916247,28
2026-02-08T09:57:07.903286,32
2026-02-08T10:58:57.616277,24
2026-02-08T11:47:03.287560,26
2026-02-08T11:59:25.718549,27
2026-02-08T13:57:40.727809,21
2026-02-08T14:58:18.806126,22
2026-02-08T15:53:37.991153,17
2026-02-08T17:01:07.813640,18
2026-02-08T17:55:32.554354,18
2026-02-08T19:15:14.167158,10
2026-02-08T19:50:53.271384,11
2026-02-08T20:56:00.534413,4
2026-02-09T05:45:39.715842,5
2026-02-09T08:05:37.100863,6
2026-02-09T11:13:31.049281,17
2026-02-09T14:39:41.448435,17
2026-02-09T17:38:17.410574,40
2026-02-09T20:05:47.232207,26
2026-02-09T22:03:49.366225,10
2026-02-10T05:51:52.413425,5
2026-02-10T08:07:40.569748,9
2026-02-10T11:15:54.567926,16
2026-02-10T14:47:03.484670,17
2026-02-10T18:13:59.452502,43
2026-02-10T20:09:48.167686,27
2026-02-10T22:10:01.868352,18
2026-02-11T05:47:31.041450,5
2026-02-11T08:04:13.948730,9
2026-02-11T10:35:38.518069,12
2026-02-11T14:37:57.065919,16
2026-02-11T18:09:06.292911,44
2026-02-11T20:02:42.462384,28
2026-02-11T21:53:03.865271,16
2026-02-12T05:19:13.818138,2
2026-02-12T07:59:21.040331,9
2026-02-12T10:29:40.094826,9
2026-02-12T12:04:16.297885,14
2026-02-12T15:09:47.164067,18
2026-02-12T18:10:04.030568,40
2026-02-12T19:56:02.973980,27
2026-02-12T21:05:42.106954,15
2026-02-12T22:02:26.393965,9
2026-02-12T23:02:18.395546,1
2026-02-13T05:14:19.388176,2
2026-02-13T07:56:06.149974,14
2026-02-13T10:08:45.554275,15
2026-02-13T11:48:48.751506,14
2026-02-13T14:27:30.957803,16
2026-02-13T17:11:57.798776,29
2026-02-13T19:32:17.707207,22
2026-02-13T21:07:44.235641,11
2026-02-13T22:04:53.117281,6
2026-02-14T07:22:51.396072,6
2026-02-14T08:00:00.661316,9
2026-02-14T09:03:16.318270,22
2026-02-14T09:57:45.592224,25
2026-02-14T10:57:14.538595,18
2026-02-14T11:45:59.549439,17
2026-02-14T11:59:19.480795,18
2026-02-14T13:56:25.513461,20
2026-02-14T14:57:03.634064,16
2026-02-14T15:52:03.983859,16
2026-02-14T16:59:32.053449,13
2026-02-14T17:53:07.729173,16
2026-02-14T19:04:20.482634,14
2026-02-14T19:46:35.328283,11
2026-02-14T19:58:12.889283,11
2026-02-14T20:54:57.149113,8
2026-02-15T07:28:44.371308,11
2026-02-15T08:01:53.889266,15
2026-02-15T09:04:02.678333,28
2026-02-15T09:58:03.638399,31
2026-02-15T10:58:41.150472,33
2026-02-15T11:47:08.945578,29
2026-02-15T11:59:05.471209,30
2026-02-15T13:56:54.263588,22
2026-02-15T14:58:04.992246,24
2026-02-15T15:50:58.428416,26
2026-02-15T17:00:19.830398,27
2026-02-15T17:55:00.479989,28
2026-02-15T19:05:35.117207,23
2026-02-15T19:49:33.760681,18
2026-02-15T19:59:57.847858,17
2026-02-15T20:57:00.805764,12
2026-02-16T05:24:32.441526,2
2026-02-16T08:02:16.353458,6
2026-02-16T10:35:22.492949,10
2026-02-16T12:03:09.607108,12
2026-02-16T14:33:35.831614,15
2026-02-16T17:06:52.822113,42
2026-02-16T19:21:56.016790,24
2026-02-16T20:00:57.877791,24
2026-02-16T21:01:48.014571,16
2026-02-16T21:56:26.007122,16
2026-02-17T05:14:00.318462,2
2026-02-17T07:57:15.696509,7
2026-02-17T10:31:40.094350,16
2026-02-17T12:02:40.460432,16
2026-02-17T14:39:03.259381,17
2026-02-17T17:44:04.817586,46
2026-02-17T19:53:04.852764,26
2026-02-17T21:48:33.547004,11
2026-02-18T05:17:03.528415,3
2026-02-18T07:57:51.307833,9
2026-02-18T10:28:21.798542,14
2026-02-18T11:22:46.976558,16
2026-02-18T11:58:37.375507,16
2026-02-18T13:25:16.052413,14
2026-02-18T15:13:08.993610,17
2026-02-18T16:11:14.379659,28
2026-02-18T17:21:31.862907,40
2026-02-18T18:05:41.507060,38
2026-02-18T19:12:00.301634,28
2026-02-18T19:56:07.958447,22
2026-02-18T20:41:11.451910,22
2026-02-18T21:22:05.239931,16
2026-02-18T21:53:49.120781,14
2026-02-18T22:27:14.938569,8
2026-02-19T05:48:20.703380,4
2026-02-19T06:42:51.576619,5
2026-02-19T07:38:50.561560,3
2026-02-19T08:25:28.939536,4
2026-02-19T09:10:09.994540,9
2026-02-19T10:05:19.522950,10
2026-02-19T11:03:27.774262,9
2026-02-19T11:50:09.022275,8
2026-02-19T12:31:27.159102,8
2026-02-19T13:51:20.848231,14
2026-02-19T14:40:16.525570,10
2026-02-19T15:31:03.154262,20
2026-02-19T16:29:40.518405,25
2026-02-19T17:31:19.503864,27
2026-02-19T18:30:02.040482,38
2026-02-19T19:25:03.811944,36
2026-02-19T19:56:28.516764,28
2026-02-19T20:36:03.198555,18
2026-02-19T21:02:41.784433,15
2026-02-19T21:45:39.251244,12
2026-02-19T22:15:15.061018,8
2026-02-19T22:53:59.431816,5
2026-02-20T05:19:55.582708,2
2026-02-20T06:10:17.887197,4
2026-02-20T07:14:01.944065,6
2026-02-20T07:57:53.934011,8
2026-02-20T08:51:16.924853,14
2026-02-20T09:29:57.914752,16
2026-02-20T10:07:02.549970,20
2026-02-20T10:56:24.418959,14
2026-02-20T11:34:38.837980,18
2026-02-20T11:58:20.670088,19
2026-02-20T13:16:10.838129,21
2026-02-20T14:07:24.768106,17
2026-02-20T14:58:20.313845,19
2026-02-20T15:43:28.683959,19
2026-02-20T16:20:02.302805,20
2026-02-20T17:03:06.899244,23
2026-02-20T17:51:25.776078,28
2026-02-20T18:30:58.752224,32
2026-02-20T19:23:02.564686,24
2026-02-20T19:51:42.719893,24
2026-02-20T20:18:58.040517,22
2026-02-20T20:50:32.834033,17
2026-02-20T21:12:07.855639,18
2026-02-20T21:43:23.058338,9
2026-02-20T21:58:19.532413,9
2026-02-20T22:35:26.665280,5
2026-02-20T22:59:38.201580,3
2026-02-21T06:52:08.599702,6
2026-02-21T07:25:44.476128,9
2026-02-21T07:51:23.050414,12
2026-02-21T08:17:27.729870,14
2026-02-21T08:50:15.608581,22
2026-02-21T09:17:04.513663,24
2026-02-21T09:47:43.290027,23
2026-02-21T10:01:32.915347,28
2026-02-21T10:38:17.785844,19
2026-02-21T10:58:15.423154,18
2026-02-21T11:28:35.220557,19
2026-02-21T11:46:46.934298,22
2026-02-21T11:58:08.226377,21
2026-02-21T13:03:49.943207,22
2026-02-21T13:50:14.008420,18
2026-02-21T14:14:05.259962,17
2026-02-21T14:46:35.162174,18
2026-02-21T15:02:12.198200,17
2026-02-21T15:36:18.045915,14
2026-02-21T15:54:06.665661,15
2026-02-21T16:23:41.859341,16
2026-02-21T16:54:10.349024,16
2026-02-21T17:22:53.814496,18
2026-02-21T17:48:57.969007,17
2026-02-21T18:02:05.676465,18
2026-02-21T18:51:12.298462,18
2026-02-21T19:15:26.814254,13
2026-02-21T19:40:23.757763,17
2026-02-21T19:54:44.247764,17
2026-02-21T20:22:18.869136,17
2026-02-21T20:46:02.976764,13
2026-02-21T21:00:02.421040,8
2026-02-22T06:04:17.783880,0
2026-02-22T07:03:25.500201,10
2026-02-22T07:45:52.966975,10
2026-02-22T08:01:10.024576,12
2026-02-22T08:46:03.324129,17
2026-02-22T09:15:13.844970,23
2026-02-22T09:48:43.178653,26
2026-02-22T10:01:30.274466,26
2026-02-22T10:37:50.717774,30
2026-02-22T10:57:49.383495,30
2026-02-22T11:27:20.604501,33
2026-02-22T11:46:21.181724,32
2026-02-22T11:57:48.272766,32
2026-02-22T13:03:39.705133,24
2026-02-22T13:51:01.903201,28
2026-02-22T14:15:15.863468,29
2026-02-22T14:47:14.199937,27
2026-02-22T15:02:33.097728,26
2026-02-22T15:36:36.749244,23
2026-02-22T15:54:36.350346,25
2026-02-22T16:26:53.741073,29
2026-02-22T16:57:13.533253,24
2026-02-22T17:29:32.938398,26
2026-02-22T17:52:55.237704,24
2026-02-22T18:25:28.664182,24
2026-02-22T19:00:26.412227,16
2026-02-22T19:33:35.710988,15
2026-02-22T19:51:02.856984,16
2026-02-22T20:12:27.660646,15
2026-02-22T20:44:22.463365,12
2026-02-23T05:51:11.598133,5
2026-02-23T06:51:35.557228,7
2026-02-23T07:46:21.130837,6
2026-02-23T08:31:50.853074,14
2026-02-23T09:33:19.765136,20
2026-02-23T10:31:19.637080,16
2026-02-23T11:23:36.838084,13
2026-02-23T11:57:59.695219,11
2026-02-23T13:21:14.899449,14
2026-02-23T14:15:25.963670,15
2026-02-23T15:09:17.962571,20
2026-02-23T16:01:23.173218,30
2026-02-23T17:11:58.352540,39
2026-02-23T18:12:12.348188,45
2026-02-23T19:32:30.570175,38
2026-02-23T20:08:31.129573,27
2026-02-23T21:00:56.500643,22
2026-02-23T21:56:06.992758,16
2026-02-23T22:42:23.290102,10
2026-02-24T05:12:36.815696,3
2026-02-24T06:13:57.905741,7
2026-02-24T07:18:04.938492,8
2026-02-24T08:03:07.796920,8
2026-02-24T09:02:50.371902,13
2026-02-24T10:04:44.763669,14
2026-02-24T11:03:33.993180,14
2026-02-24T11:51:46.237145,14
2026-02-24T12:38:44.646348,13
2026-02-24T13:57:16.774891,17
2026-02-24T14:55:26.785153,21
2026-02-24T15:58:19.357562,30
2026-02-24T17:12:42.151353,44
2026-02-24T18:10:11.828045,45
2026-02-24T19:17:44.812474,46
2026-02-24T19:54:29.967404,36
2026-02-24T20:31:58.106070,27
2026-02-24T21:05:14.175477,16
2026-02-24T21:49:23.276629,13
2026-02-24T22:19:01.644055,12
2026-02-24T22:55:58.688210,8
2026-02-25T05:51:07.808289,4
2026-02-25T06:48:24.233779,6
2026-02-25T07:42:00.109806,11
2026-02-25T08:29:38.175345,11
2026-02-25T09:30:44.858296,20
2026-02-25T10:30:47.145936,11
2026-02-25T11:24:36.495943,12
2026-02-25T11:58:57.410781,12
2026-02-25T13:26:10.372449,8
2026-02-25T14:32:06.747241,12
2026-02-25T15:36:00.903911,19
2026-02-25T16:45:59.520184,28
2026-02-25T17:45:38.896129,32
2026-02-25T18:43:22.027434,29
2026-02-25T19:40:32.724320,25
2026-02-25T20:05:52.966733,23
2026-02-25T20:52:47.528288,24
2026-02-25T21:28:44.087062,18
2026-02-25T21:59:24.908406,16
2026-02-25T22:44:18.464926,9
2026-02-26T05:09:27.586297,2
2026-02-26T06:11:12.122018,6
2026-02-26T07:16:28.642291,4
2026-02-26T08:02:00.673705,5
2026-02-26T09:00:45.468851,7
2026-02-26T10:00:59.114159,10
2026-02-26T10:58:25.393543,9
2026-02-26T11:44:43.162594,10
2026-02-26T12:30:02.879142,8
2026-02-26T13:51:37.115893,8
2026-02-26T14:41:02.513958,10
2026-02-26T15:36:24.904137,25
2026-02-26T16:36:27.613153,38
2026-02-26T17:42:18.662145,39
2026-02-26T18:30:01.095150,38
2026-02-26T19:27:08.184254,31
2026-02-26T20:01:38.051135,22
2026-02-26T20:51:13.940044,19
2026-02-26T21:22:38.917753,15
2026-02-26T21:51:55.638028,11
2026-02-26T22:21:58.607034,10
2026-02-26T22:58:15.162974,4
2026-02-27T05:36:50.738461,4
2026-02-27T06:31:04.087594,9
2026-02-27T07:30:40.758383,11
2026-02-27T08:03:58.480289,13
2026-02-27T08:56:44.818030,13
2026-02-27T09:45:50.717681,20
2026-02-27T10:23:11.976448,18
2026-02-27T11:04:02.059882,16
2026-02-27T11:42:52.990746,13
2026-02-27T12:02:05.356315,13
2026-02-27T13:20:10.788913,10
2026-02-27T14:07:04.560308,13
2026-02-27T14:56:50.376203,19
2026-02-27T15:43:05.713517,21
2026-02-27T16:21:07.506827,20
2026-02-27T17:00:17.370492,20
2026-02-27T17:47:01.927945,20
2026-02-27T18:22:48.716180,28
2026-02-27T19:07:25.845936,30
2026-02-27T19:46:26.474406,24
2026-02-27T20:02:37.437425,25
2026-02-27T20:39:44.196510,20
2026-02-27T21:00:44.017178,19
2026-02-27T21:38:06.787249,15
2026-02-27T21:57:17.783587,15
2026-02-27T22:28:53.145903,13
2026-02-27T22:52:59.613365,12
2026-02-28T06:53:25.564743,7
2026-02-28T07:21:50.992167,13
2026-02-28T07:44:31.013786,13
2026-02-28T07:57:27.927795,15
2026-02-28T08:35:52.855414,16
2026-02-28T08:57:40.584344,26
2026-02-28T09:32:42.134747,31
2026-02-28T09:51:25.955520,30
2026-02-28T10:12:16.905211,30
2026-02-28T10:41:50.247153,20
2026-02-28T10:56:24.209023,17
2026-02-28T11:21:36.238603,20
2026-02-28T11:38:41.936058,21
2026-02-28T11:50:54.692901,23
2026-02-28T12:19:42.078587,22
2026-02-28T13:08:52.697898,15
2026-02-28T13:47:27.335095,15
2026-02-28T14:00:02.384161,18
2026-02-28T14:32:09.078212,19
2026-02-28T14:51:00.154608,19
2026-02-28T15:10:35.957446,20
2026-02-28T15:35:28.653222,20
2026-02-28T15:50:28.187692,22
2026-02-28T16:00:52.673028,20
2026-02-28T16:37:46.390756,16
2026-02-28T16:55:33.886771,17
2026-02-28T17:20:07.357421,15
2026-02-28T17:40:33.641523,16
2026-02-28T17:53:49.632057,16
2026-02-28T18:26:47.784593,17
2026-02-28T18:55:42.329510,17
2026-02-28T19:21:02.131973,15
2026-02-28T19:38:20.293144,15
2026-02-28T19:50:38.807693,13
2026-02-28T20:01:10.175991,13
2026-02-28T20:36:19.457152,11
2026-02-28T20:54:04.883362,9
2026-03-01T06:28:18.671394,3
2026-03-01T07:10:22.055872,7
2026-03-01T07:46:59.822131,12
2026-03-01T07:59:51.186196,13
2026-03-01T08:42:20.864651,24
2026-03-01T09:01:42.228459,28
2026-03-01T09:39:45.927047,29
2026-03-01T09:56:53.748932,28
2026-03-01T10:29:14.500282,24
2026-03-01T10:52:42.577556,28
2026-03-01T11:13:53.525600,25
2026-03-01T11:33:56.334945,25
2026-03-01T11:48:57.930891,23
2026-03-01T11:58:58.228637,24
2026-03-01T13:06:16.983574,18
2026-03-01T13:47:08.861902,18
2026-03-01T14:02:15.167767,20
2026-03-01T14:35:59.544656,22
2026-03-01T14:54:40.555720,23
2026-03-01T15:21:05.925198,22
2026-03-01T15:41:49.204544,23
2026-03-01T15:55:49.937835,24
2026-03-01T16:29:34.352960,21
2026-03-01T16:54:14.798118,20
2026-03-01T17:19:45.002558,20
2026-03-01T17:42:49.134059,20
2026-03-01T17:56:40.771412,20
2026-03-01T18:38:11.484079,19
2026-03-01T19:01:20.384758,19
2026-03-01T19:30:40.017892,18
2026-03-01T19:46:57.952216,17
2026-03-01T19:57:15.341766,18
2026-03-01T20:33:02.456770,12
2026-03-01T20:53:48.301367,9
2026-03-02T05:06:38.987277,2
2026-03-02T06:05:09.952142,6
2026-03-02T07:13:38.426396,7
2026-03-02T07:57:54.070555,8
2026-03-02T08:54:43.470184,19
2026-03-02T09:45:13.726579,24
2026-03-02T10:31:02.251511,20
2026-03-02T11:20:46.109134,14
2026-03-02T11:49:42.123341,18
2026-03-02T12:27:03.107963,16
2026-03-02T13:40:32.927073,14
2026-03-02T14:28:54.108599,18
2026-03-02T15:09:24.656217,20
2026-03-02T15:55:43.877837,25
2026-03-02T16:50:33.079296,40
2026-03-02T17:33:52.048525,36
2026-03-02T18:07:18.609522,38
2026-03-02T19:04:50.037783,34
2026-03-02T19:47:44.928715,37
2026-03-02T20:18:55.415062,32
2026-03-02T20:55:21.720032,26
2026-03-02T21:33:41.722859,19
2026-03-02T22:00:01.087106,19
2026-03-02T22:37:47.658342,14
2026-03-02T22:58:24.585952,13
2026-03-03T05:30:53.820049,8
2026-03-03T06:10:02.395815,8
2026-03-03T07:10:45.132341,7
2026-03-03T07:54:57.307207,8
2026-03-03T08:39:08.601532,9
2026-03-03T09:25:49.360505,10
2026-03-03T10:06:20.083837,10
2026-03-03T10:57:58.297568,10
2026-03-03T11:38:49.377629,11
2026-03-03T12:00:18.208635,10
2026-03-03T13:18:48.144266,12
2026-03-03T14:08:12.140023,13
2026-03-03T15:03:51.736852,18
2026-03-03T15:56:30.783804,26
2026-03-03T16:53:12.715036,48
2026-03-03T17:38:40.786107,42
2026-03-03T18:27:23.151186,31
2026-03-03T19:23:49.667057,27
2026-03-03T19:55:54.811991,24
2026-03-03T20:34:13.017362,22
2026-03-03T21:00:44.995760,18
2026-03-03T21:43:53.021159,9
2026-03-03T22:02:02.389406,8
2026-03-03T22:43:27.407899,5
2026-03-03T23:00:07.431630,4
2026-03-04T05:15:30.816903,3
2026-03-04T06:01:05.271056,8
2026-03-04T07:02:05.328608,7
2026-03-04T07:47:07.871085,10
2026-03-04T08:20:49.145410,12
2026-03-04T09:00:37.322531,17
2026-03-04T09:53:21.530631,15
2026-03-04T10:30:08.864861,13
2026-03-04T11:04:59.374861,13
2026-03-04T11:41:59.248436,12
2026-03-04T11:59:50.546620,10
2026-03-04T13:17:18.875087,12
2026-03-04T14:06:36.015670,14
2026-03-04T14:55:09.241656,16
2026-03-04T15:39:25.792997,20
2026-03-04T16:23:40.890655,33
2026-03-04T17:06:55.307102,38
2026-03-04T17:55:42.548744,37
2026-03-04T18:52:51.473804,39
2026-03-04T19:32:55.681702,30
2026-03-04T20:01:27.933370,28
2026-03-04T20:44:20.272874,26
2026-03-04T21:17:40.145622,25
2026-03-04T21:51:46.447779,21
2026-03-04T22:20:47.023194,18
2026-03-04T22:53:38.335516,14
2026-03-05T05:03:16.679668,1
2026-03-05T05:58:32.542720,4
2026-03-05T07:03:48.331954,5
2026-03-05T07:50:54.238315,7
2026-03-05T08:25:57.443074,9
2026-03-05T09:06:31.996871,9
2026-03-05T09:59:54.651181,10
2026-03-05T10:53:46.259194,7
2026-03-05T11:30:01.178532,10
2026-03-05T11:58:00.035529,10
2026-03-05T13:16:08.655561,10
2026-03-05T14:08:35.778614,15
2026-03-05T15:03:52.926860,21
2026-03-05T15:59:03.720762,30
2026-03-05T18:12:12.284951,46
2026-03-05T19:35:53.675913,33
2026-03-05T20:07:08.958830,23
2026-03-05T20:52:03.356550,13
2026-03-05T21:25:10.470792,10
2026-03-05T21:57:06.442435,8
2026-03-05T22:36:55.946445,3
2026-03-06T05:52:44.873748,9
2026-03-06T06:37:29.141311,12
2026-03-06T07:26:45.823117,13
2026-03-06T07:58:34.204385,13
2026-03-06T08:51:00.384712,13
2026-03-06T09:25:59.222205,14
2026-03-06T10:02:28.741220,14
2026-03-06T10:51:03.870894,12
2026-03-06T11:18:43.290957,16
2026-03-06T11:46:34.492909,18
2026-03-06T12:02:05.129045,20
2026-03-06T13:17:42.111743,16
2026-03-06T14:03:36.850856,18
2026-03-06T14:52:59.371156,19
2026-03-06T15:29:57.436529,21
2026-03-06T16:03:01.943814,21
2026-03-06T16:56:28.512341,17
2026-03-06T17:37:15.034697,20
2026-03-06T18:03:49.865282,22
2026-03-06T19:00:58.844379,22
2026-03-06T19:40:16.268182,18
2026-03-06T20:00:02.605749,16
2026-03-06T20:43:01.635894,12
2026-03-06T21:02:57.541755,12
2026-03-06T21:39:18.679225,10
2026-03-06T21:57:46.816640,8
2026-03-06T22:35:39.078115,6
2026-03-06T22:59:34.447561,3
2026-03-07T06:21:40.913243,5
2026-03-07T07:02:21.699704,9
2026-03-07T07:37:47.215309,14
2026-03-07T07:54:52.853173,14
2026-03-07T08:29:10.911100,22
2026-03-07T08:57:03.743505,38
2026-03-07T09:33:11.277382,36
2026-03-07T09:53:39.296567,36
2026-03-07T10:18:28.754599,36
2026-03-07T10:44:27.502812,29
2026-03-07T10:59:10.444777,26
2026-03-07T11:28:54.910927,18
2026-03-07T11:45:43.339915,14
2026-03-07T11:56:36.923878,14
2026-03-07T12:53:53.114866,19
2026-03-07T13:35:37.789840,17
2026-03-07T13:58:32.300390,18
2026-03-07T14:32:35.172925,19
2026-03-07T14:53:27.937237,18
2026-03-07T15:17:29.435380,17
2026-03-07T15:41:00.874738,17
2026-03-07T15:55:28.023916,16
2026-03-07T16:27:51.187380,14
2026-03-07T16:51:48.648570,10
2026-03-07T17:12:58.782620,12
2026-03-07T17:38:46.775915,12
2026-03-07T17:54:26.118413,12
2026-03-07T18:29:33.033356,14
2026-03-07T18:57:54.256774,17
2026-03-07T19:27:40.008995,14
2026-03-07T19:44:50.094535,12
2026-03-07T19:56:10.581708,14
2026-03-07T20:27:48.907008,12
2026-03-07T20:49:53.027358,11
2026-03-08T06:56:21.889932,8
2026-03-08T07:32:19.349407,11
2026-03-08T07:53:08.506605,10
2026-03-08T08:23:28.488645,13
2026-03-08T08:53:16.080519,24
2026-03-08T09:23:25.073125,29
2026-03-08T09:50:55.148717,31
2026-03-08T10:12:53.381230,31
2026-03-08T10:44:38.965112,26
2026-03-08T10:59:57.982324,28
2026-03-08T11:30:15.634879,26
2026-03-08T11:47:17.789078,24
2026-03-08T11:58:28.463741,23
2026-03-08T13:05:47.715534,20
2026-03-08T13:47:54.465354,18
2026-03-08T14:11:32.450158,20
2026-03-08T14:43:12.217320,17
2026-03-08T14:59:25.450846,18
2026-03-08T15:33:03.998984,19
2026-03-08T15:50:40.904042,22
2026-03-08T16:13:01.945058,20
2026-03-08T16:46:39.041152,18
2026-03-08T17:02:43.924861,19
2026-03-08T17:34:39.126203,18
2026-03-08T17:53:36.224590,19
2026-03-08T18:26:18.288038,19
2026-03-08T18:57:47.589817,21
2026-03-08T19:29:10.402285,19
2026-03-08T19:46:37.107417,18
2026-03-08T19:57:32.877016,20
2026-03-08T20:33:46.294947,16
2026-03-08T20:54:12.883056,9
2026-03-09T05:18:25.092125,5
2026-03-09T06:13:10.854617,8
2026-03-09T07:18:42.043763,9
2026-03-09T08:00:12.998194,11
2026-03-09T08:57:23.752710,18
2026-03-09T09:58:23.164741,17
2026-03-09T10:53:42.551418,17
2026-03-09T11:31:29.126881,14
2026-03-09T11:58:52.346774,16
2026-03-09T13:23:27.855831,16
2026-03-09T14:28:33.097760,19
2026-03-09T15:32:17.057893,27
2026-03-09T16:34:33.776801,42
2026-03-09T17:28:30.558998,35
2026-03-09T18:08:20.386388,38
2026-03-09T19:09:06.595953,37
2026-03-09T19:50:47.263924,37
2026-03-09T20:18:44.614401,38
2026-03-09T20:54:35.404981,29
2026-03-09T21:30:44.434029,20
2026-03-09T21:56:58.074711,19
2026-03-09T22:33:51.545618,16
2026-03-09T22:58:28.784039,2
2026-03-10T05:13:37.075287,5
2026-03-10T06:01:19.596345,8
2026-03-10T07:04:03.663757,11
2026-03-10T07:50:30.825346,6
2026-03-10T08:24:40.320272,8
2026-03-10T09:07:30.715386,10
2026-03-10T09:59:12.110058,8
2026-03-10T10:53:13.856175,11
2026-03-10T11:27:57.501612,13
2026-03-10T11:56:13.014699,15
2026-03-10T13:07:03.573444,16
2026-03-10T14:06:26.246676,14
2026-03-10T15:07:09.606081,23
2026-03-10T16:11:57.408502,37
2026-03-10T17:08:17.038988,54
2026-03-10T17:59:25.083498,53
2026-03-10T19:02:04.412422,33
2026-03-10T19:46:16.666360,26
2026-03-10T20:17:03.933257,24
2026-03-10T20:52:07.112612,20
2026-03-10T21:21:47.933123,16
2026-03-10T21:48:00.955276,10
2026-03-10T22:01:17.898005,9
2026-03-10T22:40:02.509926,8
2026-03-11T05:28:48.532175,7
2026-03-11T06:09:13.588912,10
2026-03-11T07:11:04.732921,9
2026-03-11T07:55:01.970759,12
2026-03-11T08:39:14.054658,12
2026-03-11T09:26:18.800519,14
2026-03-11T10:07:08.522621,15
2026-03-11T10:58:47.888664,12
2026-03-11T11:40:38.493901,13
2026-03-11T12:01:39.896251,12
2026-03-11T13:23:18.238537,16
2026-03-11T14:25:09.968025,17
2026-03-11T15:11:48.550375,20
2026-03-11T16:03:44.881960,31
2026-03-11T17:05:58.766414,46
2026-03-11T17:59:25.666033,38
2026-03-11T19:04:46.512444,41
2026-03-11T19:48:01.025042,39
2026-03-11T20:19:01.123631,32
2026-03-11T20:53:13.150202,32
2026-03-11T21:26:28.345158,21
2026-03-11T21:55:24.373229,14
2026-03-11T22:26:39.165299,10
2026-03-11T22:50:27.559236,8
2026-03-12T05:36:32.111420,3
2026-03-12T06:32:10.958089,4
2026-03-12T07:30:48.548016,7
2026-03-12T08:03:49.256689,9
2026-03-12T08:58:19.653100,11
2026-03-12T09:53:37.180903,10
2026-03-12T10:33:40.961521,8
2026-03-12T11:08:55.223401,8
2026-03-12T11:43:33.942858,8
2026-03-12T12:00:35.577405,9
2026-03-12T13:22:28.886702,13
2026-03-12T14:12:40.148733,16
2026-03-12T15:10:20.996112,25
2026-03-12T16:14:40.042315,31
2026-03-12T17:12:44.669751,39
2026-03-12T18:03:13.726950,42
2026-03-12T19:07:30.056614,43
2026-03-12T19:50:47.294737,31
2026-03-12T20:20:21.610979,20
2026-03-12T20:56:32.680862,16
2026-03-12T21:35:55.854774,14
2026-03-12T21:58:29.998934,14
2026-03-12T22:35:04.453019,12
2026-03-12T22:58:06.338816,10
2026-03-13T05:30:03.583143,6
2026-03-13T06:10:10.842410,7
2026-03-13T07:12:22.548425,10
2026-03-13T07:56:16.671771,9
2026-03-13T08:42:43.575672,12
2026-03-13T09:24:21.766115,16
2026-03-13T10:01:56.759777,20
2026-03-13T10:52:06.422716,20
2026-03-13T11:23:34.530562,20
2026-03-13T11:51:21.694366,19
2026-03-13T12:31:30.221207,16
2026-03-13T13:42:25.396897,15
2026-03-13T14:29:02.036192,19
2026-03-13T15:11:32.340781,24
2026-03-13T15:57:57.785648,29
2026-03-13T16:50:21.686835,34
2026-03-13T17:24:44.825069,31
2026-03-13T17:58:45.953165,31
2026-03-13T18:55:44.073244,24
2026-03-13T19:31:17.881559,21
2026-03-13T19:57:25.680632,19
2026-03-13T20:41:18.405783,18
2026-03-13T21:17:40.345943,14
2026-03-13T21:50:34.397827,10
2026-03-13T22:16:06.388789,10
2026-03-13T22:47:05.222985,8
2026-03-14T06:08:00.804427,2
2026-03-14T07:04:43.098229,10
2026-03-14T07:46:49.446463,11
2026-03-14T08:17:41.517569,14
2026-03-14T08:54:49.941414,28
2026-03-14T09:30:41.534111,32
2026-03-14T09:57:08.835969,40
2026-03-14T10:33:47.354470,24
2026-03-14T10:57:55.654674,24
2026-03-14T11:30:36.276334,20
2026-03-14T11:50:31.657713,21
2026-03-14T12:20:26.269961,21
2026-03-14T13:24:37.820660,20
2026-03-14T13:59:24.197648,25
2026-03-14T14:38:05.445309,26
2026-03-14T15:00:01.222350,27
2026-03-14T15:36:51.357012,25
2026-03-14T15:55:34.810779,24
2026-03-14T16:32:04.792704,24
2026-03-14T16:59:41.121292,18
2026-03-14T17:36:30.997071,14
2026-03-14T17:56:43.203230,14
2026-03-14T18:42:55.962494,15
2026-03-14T19:15:43.283078,14
2026-03-14T19:43:23.008932,11
2026-03-14T19:58:46.500191,13
2026-03-14T20:38:19.926698,11
2026-03-14T20:58:39.408721,3
2026-03-15T06:12:25.892243,4
2026-03-15T07:13:57.524426,13
2026-03-15T07:54:17.753033,12
2026-03-15T08:33:05.424285,16
2026-03-15T09:04:45.171759,28
2026-03-15T09:47:49.583211,36
2026-03-15T10:15:17.196359,35
2026-03-15T10:51:38.232958,31
2026-03-15T11:17:11.260868,31
2026-03-15T11:43:03.381670,30
2026-03-15T11:58:30.956983,31
2026-03-15T13:10:58.518396,32
2026-03-15T13:55:44.233001,28
2026-03-15T14:30:54.713703,21
2026-03-15T14:58:22.245291,22
2026-03-15T15:36:24.609134,20
2026-03-15T15:57:26.715069,21
2026-03-15T16:38:38.758267,27
2026-03-15T17:01:37.572286,23
2026-03-15T17:38:35.009688,20
2026-03-15T17:58:57.861159,18
2026-03-15T18:53:19.278984,14
2026-03-15T19:23:13.049541,12
2026-03-15T19:47:19.110469,14
2026-03-15T20:01:32.098942,13
2026-03-15T20:41:27.039204,9
2026-03-16T05:08:38.025834,3
2026-03-16T06:48:16.576312,10
2026-03-16T07:58:44.046179,11
2026-03-16T09:08:48.584174,18
2026-03-16T10:14:20.921424,19
2026-03-16T11:12:31.892628,16
2026-03-16T11:58:13.205848,16
2026-03-16T13:43:50.131471,19
2026-03-16T14:48:13.742952,22
2026-03-16T15:49:49.905960,36
2026-03-16T16:46:12.590801,48
2026-03-16T17:47:40.044498,47
2026-03-16T18:41:10.538379,44
2026-03-16T19:41:53.716536,29
2026-03-16T20:21:05.721702,22
2026-03-16T21:01:35.964041,14
2026-03-16T21:51:20.912929,9
2026-03-16T22:21:58.971895,6
2026-03-16T22:54:42.865209,3
2026-03-17T05:41:02.503731,8
2026-03-17T06:44:15.847423,6
2026-03-17T07:42:51.515603,8
2026-03-17T08:33:58.326313,14
2026-03-17T09:34:36.176342,14
2026-03-17T10:30:24.593929,15
2026-03-17T11:26:04.821471,16
2026-03-17T12:02:06.027980,14
2026-03-17T13:46:35.982722,14
2026-03-17T14:44:47.897077,22
2026-03-17T15:46:57.437249,26
2026-03-17T16:47:35.613144,50
2026-03-17T17:46:26.961973,45
2026-03-17T18:39:43.793122,33
2026-03-17T19:41:35.019106,30
2026-03-17T20:21:32.996121,22
2026-03-17T21:00:58.597949,20
2026-03-17T21:49:46.204061,14
2026-03-17T22:19:55.920395,11
2026-03-17T22:55:41.317219,8
2026-03-18T06:06:25.719340,7
2026-03-18T07:16:20.586152,10
2026-03-18T08:02:15.412069,20
2026-03-18T09:02:50.029172,17
2026-03-18T10:07:00.681844,18
2026-03-18T11:07:38.785336,15
2026-03-18T11:57:10.511042,9
2026-03-18T13:23:01.762657,13
2026-03-18T14:44:48.075445,21
2026-03-18T15:54:41.015962,32
2026-03-18T16:57:07.491027,46
2026-03-18T18:01:33.174850,46
2026-03-18T19:15:41.523654,34
2026-03-18T19:54:22.881636,27
2026-03-18T20:32:27.391840,28
2026-03-18T21:06:46.861460,22
2026-03-18T21:48:26.692326,18
2026-03-18T22:18:44.069572,16
2026-03-18T22:51:50.742809,14
2026-03-19T05:14:28.859686,2
2026-03-19T06:12:35.630947,5
2026-03-19T07:15:58.672395,7
2026-03-19T07:58:38.919777,6
2026-03-19T08:55:17.817799,10
2026-03-19T09:42:13.784699,9
2026-03-19T10:24:41.971485,9
2026-03-19T11:06:46.497213,13
2026-03-19T11:48:38.198819,12
2026-03-19T12:29:45.895775,12
2026-03-19T13:50:11.035484,8
2026-03-19T14:39:04.172040,11
2026-03-19T15:36:13.206938,20
2026-03-19T16:38:01.148432,40
2026-03-19T17:40:34.252236,44
2026-03-19T18:33:38.739072,38
2026-03-19T19:30:45.186795,35
2026-03-19T20:02:59.401554,29
2026-03-19T20:52:29.053620,21
2026-03-19T21:27:18.508203,17
2026-03-19T21:55:50.661362,16
2026-03-19T22:30:07.635476,12
2026-03-19T22:58:44.714952,10
2026-03-20T05:35:05.611486,6
2026-03-20T06:33:01.604505,8
2026-03-20T07:31:16.066643,15
2026-03-20T08:03:30.608703,14
2026-03-20T08:56:39.209469,15
2026-03-20T09:46:37.987431,18
2026-03-20T10:23:20.866573,21
2026-03-20T11:02:27.001770,20
2026-03-20T11:40:05.094173,16
2026-03-20T12:00:07.371708,15
2026-03-20T13:20:06.675543,19
2026-03-20T14:09:11.001166,24
2026-03-20T15:01:17.709149,22
2026-03-20T15:54:00.924535,23
2026-03-20T16:38:14.822795,29
2026-03-20T17:23:21.546190,29
2026-03-20T17:58:22.821803,26
2026-03-20T19:00:47.599766,26
2026-03-20T19:41:11.770060,17
2026-03-20T20:01:30.321058,16
2026-03-20T20:47:17.446681,12
2026-03-20T21:15:59.115129,12
2026-03-20T21:47:27.858180,9
2026-03-20T22:02:16.641432,8
2026-03-20T22:42:03.680340,6
2026-03-21T06:50:21.543716,8
2026-03-21T07:24:00.066568,15
2026-03-21T07:50:47.249507,17
2026-03-21T08:17:03.141333,18
2026-03-21T08:52:17.435525,34
2026-03-21T09:23:22.109943,39
2026-03-21T09:52:24.279631,41
2026-03-21T10:18:00.364728,40
2026-03-21T10:48:25.412058,27
2026-03-21T11:11:19.104384,22
2026-03-21T11:35:46.870601,21
2026-03-21T11:52:54.620738,20
2026-03-21T12:32:15.766621,19
2026-03-21T13:27:19.037501,17
2026-03-21T13:58:40.702563,20
2026-03-21T14:34:48.806628,23
2026-03-21T14:56:43.428569,24
2026-03-21T15:29:27.987111,20
2026-03-21T15:51:11.445924,17
2026-03-21T16:15:26.315606,12
2026-03-21T16:48:50.046965,14
2026-03-21T17:13:47.059298,11
2026-03-21T17:43:40.491974,12
2026-03-21T17:59:41.229465,12
2026-03-21T18:50:03.935594,16
2026-03-21T19:13:56.585472,14
2026-03-21T19:39:21.945372,12
2026-03-21T19:54:39.094318,13
2026-03-21T20:23:47.186895,13
2026-03-21T20:49:19.558679,10
2026-03-22T07:03:19.193683,6
2026-03-22T07:46:37.934563,15
2026-03-22T08:02:28.117928,17
2026-03-22T08:49:25.552003,28
2026-03-22T09:18:37.539827,27
2026-03-22T09:51:02.162394,30
2026-03-22T10:15:06.327712,26
2026-03-22T10:48:39.506722,28
2026-03-22T11:12:05.829175,24
2026-03-22T11:37:59.750810,21
2026-03-22T11:55:00.432627,21
2026-03-22T12:49:18.237292,16
2026-03-22T13:35:02.432639,14
2026-03-22T14:02:37.574932,18
2026-03-22T14:39:58.576216,19
2026-03-22T14:59:19.387812,23
2026-03-22T15:34:43.238883,24
2026-03-22T15:53:11.483983,23
2026-03-22T16:21:53.650890,22
2026-03-22T16:51:52.339323,21
2026-03-22T17:17:33.484580,20
2026-03-22T17:45:22.556558,18
2026-03-22T18:00:28.185229,18
2026-03-22T18:51:28.510346,12
2026-03-22T19:17:14.980820,13
2026-03-22T19:42:22.878330,13
2026-03-22T19:56:23.191637,13
2026-03-22T20:31:24.904462,14
2026-03-22T20:55:27.930181,11
2026-03-23T05:16:27.739440,5
2026-03-23T06:41:30.103342,9
2026-03-23T07:47:47.129807,8
2026-03-23T08:37:28.169829,16
2026-03-23T09:43:51.704614,22
2026-03-23T10:37:49.364011,17
2026-03-23T11:29:04.492899,16
2026-03-23T12:04:56.234423,17
2026-03-23T13:45:06.116153,16
2026-03-23T14:44:01.776542,26
2026-03-23T15:43:53.666138,31
2026-03-23T16:37:26.084242,44
2026-03-23T17:33:09.573370,45
2026-03-23T18:28:13.570187,38
2026-03-23T19:29:15.230703,34
2026-03-23T20:04:20.643573,34
2026-03-23T20:51:31.581632,24
2026-03-23T21:25:41.004389,15
2026-03-23T21:56:21.526940,10
2026-03-23T22:35:02.505887,6
2026-03-24T05:50:01.424245,9
2026-03-24T06:46:24.204350,7
2026-03-24T07:43:21.295113,7
2026-03-24T08:33:38.547036,10
2026-03-24T09:34:06.303136,11
2026-03-24T10:30:31.113213,11
2026-03-24T11:26:50.987065,12
2026-03-24T12:04:09.590692,14
2026-03-24T13:47:20.227380,20
2026-03-24T14:46:45.744844,19
2026-03-24T15:49:48.209665,30
2026-03-24T16:45:19.455748,41
2026-03-24T17:42:40.615226,45
2026-03-24T18:40:49.788663,41
2026-03-24T19:40:49.508249,33
2026-03-24T20:23:36.794691,23
2026-03-24T21:02:00.954317,18
2026-03-24T21:49:06.784313,8
2026-03-24T22:17:00.683636,6
2026-03-24T22:52:42.055160,4
2026-03-25T05:39:59.370801,6
2026-03-25T06:42:55.442091,8
2026-03-25T07:41:13.342731,11
2026-03-25T08:30:46.670107,13
2026-03-25T09:31:35.360384,19
2026-03-25T10:28:34.338988,20
2026-03-25T11:23:59.973025,22
2026-03-25T12:01:12.264473,20
2026-03-25T13:44:03.969522,23
2026-03-25T14:46:00.025005,20
2026-03-25T15:53:10.037497,31
2026-03-25T16:56:19.015307,45
2026-03-25T17:59:58.592646,47
2026-03-25T19:08:26.762764,40
2026-03-25T19:53:04.354032,32
2026-03-25T20:31:44.908442,33
2026-03-25T21:05:08.355557,26
2026-03-25T21:51:53.584917,12
2026-03-25T22:25:31.684101,11
2026-03-26T05:29:09.280747,4
2026-03-26T06:47:13.943152,6
2026-03-26T07:49:30.976829,6
2026-03-26T08:37:15.059017,11
2026-03-26T09:42:33.943785,12
2026-03-26T10:36:02.312355,11
2026-03-26T11:32:50.777054,14
2026-03-26T12:35:58.415119,10
2026-03-26T14:08:16.630674,15
2026-03-26T15:39:05.494517,26
2026-03-26T16:44:21.539497,37
2026-03-26T17:45:12.357329,45
2026-03-26T18:42:14.822426,48
2026-03-26T19:43:21.920051,33
2026-03-26T20:19:32.162679,22
2026-03-26T20:53:54.644789,18
2026-03-26T21:27:34.603975,19
2026-03-26T21:54:11.434886,15
2026-03-26T22:25:37.623553,14
2026-03-26T22:59:03.360528,8
2026-03-27T05:22:30.129751,4
2026-03-27T06:42:59.224471,8
2026-03-27T07:46:41.360875,14
2026-03-27T08:34:07.293973,14
2026-03-27T09:33:46.423927,21
2026-03-27T10:28:18.707638,19
2026-03-27T11:24:25.870773,19
2026-03-27T12:01:47.824941,16
2026-03-27T13:38:14.608817,12
2026-03-27T14:35:28.111751,16
2026-03-27T15:29:02.376323,20
2026-03-27T16:29:03.936241,22
2026-03-27T17:28:15.740651,26
2026-03-27T18:12:06.306364,33
2026-03-27T19:12:03.307473,31
2026-03-27T19:51:52.314112,18
2026-03-27T20:26:51.928432,16
2026-03-27T21:04:08.406771,16
2026-03-27T21:49:09.009791,15
2026-03-27T22:16:51.239064,11
2026-03-27T22:55:22.767156,7
2026-03-28T06:39:19.512105,7
2026-03-28T07:33:19.057181,8
2026-03-28T08:03:48.658232,13
2026-03-28T08:54:30.769620,28
2026-03-28T09:34:40.429186,28
2026-03-28T10:03:13.980403,34
2026-03-28T10:47:09.104332,22
2026-03-28T11:14:43.181894,22
2026-03-28T11:44:13.223781,25
2026-03-28T12:01:32.971032,26
2026-03-28T13:15:12.289730,22
2026-03-28T13:58:46.232798,20
2026-03-28T14:40:18.387932,18
2026-03-28T15:03:21.022880,20
2026-03-28T15:43:50.176615,19
2026-03-28T16:03:20.278943,22
2026-03-28T16:48:48.684662,21
2026-03-28T17:16:38.471748,21
2026-03-28T17:49:43.356203,20
2026-03-28T18:20:41.643036,16
2026-03-28T19:03:26.381958,16
2026-03-28T19:39:36.204412,13
2026-03-28T19:58:34.553334,13
2026-03-28T20:40:01.101982,9
2026-03-29T05:25:38.669655,1
2026-03-29T06:40:41.755678,5
2026-03-29T07:38:32.908896,10
2026-03-29T08:05:29.744326,18
2026-03-29T08:56:31.859306,27
2026-03-29T09:40:23.106294,24
2026-03-29T10:04:50.163952,24
2026-03-29T10:51:12.506305,23
2026-03-29T11:18:49.988402,24
2026-03-29T11:47:46.413073,29
2026-03-29T12:23:08.649653,24
2026-03-29T13:32:08.913481,28
2026-03-29T14:06:55.355502,24
2026-03-29T14:51:31.138398,28
2026-03-29T15:20:46.368261,27
2026-03-29T15:50:35.298905,23
2026-03-29T16:19:01.813985,22
2026-03-29T16:56:49.640848,25
2026-03-29T17:35:07.580654,28
2026-03-29T18:00:00.875030,28
2026-03-29T18:57:55.650998,24
2026-03-29T19:37:09.681935,18
2026-03-29T19:58:44.823776,12
2026-03-30T05:12:32.941847,7
2026-03-30T07:02:00.311550,10
2026-03-30T08:25:31.449121,19
2026-03-30T09:54:52.401169,18
2026-03-30T11:00:03.918165,19
2026-03-30T12:01:27.981222,18
2026-03-30T13:57:32.820946,23
2026-03-30T15:09:20.720454,41
2026-03-30T16:13:07.815695,46
2026-03-30T17:12:18.837194,48
2026-03-30T18:07:00.213691,41
2026-03-30T19:17:07.874753,29
2026-03-30T20:02:42.705077,21
2026-03-30T20:58:03.609430,8
2026-03-30T21:50:32.284090,6
2026-03-31T04:04:14.434545,1
2026-03-31T05:50:33.274282,8
2026-03-31T06:57:52.028841,12
2026-03-31T08:11:39.350423,16
2026-03-31T09:18:18.704324,16
2026-03-31T10:16:41.785644,19
2026-03-31T11:14:08.751973,15
2026-03-31T12:02:09.313892,18
2026-03-31T13:57:11.494338,20
2026-03-31T15:06:33.357120,35
2026-03-31T16:14:18.950255,42
2026-03-31T17:15:31.291333,36
2026-03-31T18:08:48.105385,28
2026-03-31T19:18:06.929575,18
2026-03-31T20:02:24.608539,10
2026-03-31T20:54:03.389244,8
2026-03-31T21:35:25.847343,5
2026-04-01T05:12:28.327271,9
2026-04-01T06:54:55.152989,6
2026-04-01T08:14:47.327621,14
2026-04-01T09:37:51.723111,17
2026-04-01T10:38:58.694471,17
2026-04-01T11:35:40.109479,13
2026-04-01T12:39:09.548907,14
2026-04-01T14:15:48.844707,15
2026-04-01T15:45:59.656980,34
2026-04-01T16:39:37.273617,28
2026-04-01T17:35:32.829075,32
2026-04-01T18:35:02.280656,26
2026-04-01T19:41:13.419541,16
2026-04-01T20:25:46.313501,10
2026-04-01T21:07:35.586845,7
2026-04-01T21:55:57.270874,4
2026-04-02T04:13:59.826518,3
2026-04-02T05:51:22.221277,6
2026-04-02T06:58:14.766917,10
2026-04-02T08:11:13.218993,11
2026-04-02T09:15:07.445463,15
2026-04-02T10:13:18.626862,22
2026-04-02T11:10:46.491884,18
2026-04-02T11:57:54.098618,19
2026-04-02T13:41:55.294912,19
2026-04-02T14:42:00.519721,26
2026-04-02T15:42:34.713913,37
2026-04-02T16:38:41.353916,39
2026-04-02T17:32:23.415299,34
2026-04-02T18:30:48.050365,31
2026-04-02T19:31:10.722565,12
2026-04-02T20:04:02.177910,10
2026-04-02T20:50:11.016851,10
2026-04-02T21:23:36.180622,7
2026-04-02T21:58:48.994619,0
2026-04-03T05:28:35.021210,7
2026-04-03T06:48:45.163091,11
2026-04-03T07:51:24.253381,18
2026-04-03T08:39:59.172806,21
2026-04-03T09:37:24.649780,30
2026-04-03T10:26:00.833531,32
2026-04-03T11:10:29.730962,29
2026-04-03T11:53:09.871686,30
2026-04-03T12:47:38.552297,27
2026-04-03T13:52:59.927428,26
2026-04-03T14:37:49.913771,25
2026-04-03T15:27:16.616248,29
2026-04-03T16:03:40.334697,25
2026-04-03T16:55:08.602744,23
2026-04-03T17:33:32.771015,26
2026-04-03T18:04:58.131441,25
2026-04-03T19:02:45.813598,25
2026-04-03T19:48:38.873962,13
2026-04-03T20:19:04.105698,9
2026-04-03T20:57:49.844678,9
2026-04-03T21:40:03.497106,9
2026-04-04T05:35:40.899702,1
2026-04-04T06:38:28.772657,6
2026-04-04T07:36:13.615649,12
2026-04-04T08:05:49.409314,25
2026-04-04T08:56:36.403809,30
2026-04-04T09:41:11.561987,26
2026-04-04T10:17:13.000190,18
2026-04-04T10:54:53.157080,14
2026-04-04T11:27:19.123210,14
2026-04-04T11:52:41.557635,16
2026-04-04T12:36:16.309348,19
2026-04-04T13:38:18.034948,18
2026-04-04T14:19:38.352936,18
2026-04-04T14:55:30.879116,17
2026-04-04T15:32:02.909695,22
2026-04-04T15:58:13.208892,24
2026-04-04T16:45:55.587309,25
2026-04-04T17:17:48.453484,20
2026-04-04T17:51:47.571038,14
2026-04-04T18:26:37.149276,12
2026-04-04T19:07:46.315693,14
2026-04-04T19:44:10.699126,13
2026-04-05T05:52:36.436560,6
2026-04-05T06:55:59.315467,9
2026-04-05T07:54:37.925262,19
2026-04-05T08:39:57.834278,27
2026-04-05T09:24:24.713175,28
2026-04-05T10:02:00.836192,26
2026-04-05T10:50:15.811587,24
2026-04-05T11:18:20.210273,26
2026-04-05T11:48:20.405355,24
2026-04-05T12:25:07.501828,24
2026-04-05T13:34:37.343460,20
2026-04-05T14:08:02.200601,21
2026-04-05T14:52:27.173824,20
2026-04-05T15:23:48.787911,20
2026-04-05T15:53:44.923188,21
2026-04-05T16:31:05.894831,23
2026-04-05T17:03:46.019070,24
2026-04-05T17:46:21.904093,22
2026-04-05T18:21:19.386291,22
2026-04-05T19:07:28.386099,16
2026-04-05T19:47:24.703074,14
2026-04-06T04:14:32.985532,0
2026-04-06T06:10:30.270323,10
2026-04-06T08:01:56.479936,17
2026-04-06T09:19:52.869956,28
2026-04-06T10:34:44.331745,26
2026-04-06T11:30:59.110498,26
2026-04-06T12:08:21.402445,25
2026-04-06T13:45:03.794538,21
2026-04-06T14:36:53.126645,20
2026-04-06T15:29:48.385772,20
2026-04-06T16:10:49.395594,24
2026-04-06T17:06:35.728817,22
2026-04-06T18:02:42.559750,17
2026-04-06T19:15:34.522332,12
2026-04-06T19:59:57.999738,6
2026-04-06T20:49:18.495825,0
2026-04-06T21:25:08.875916,0
2026-04-06T21:59:11.948595,0
2026-04-07T05:00:42.438307,5
2026-04-07T06:22:54.580383,7
2026-04-07T07:53:57.585916,10
2026-04-07T08:56:47.517869,10
2026-04-07T10:09:30.946122,10
2026-04-07T11:13:54.066127,14
2026-04-07T12:04:23.816451,14
2026-04-07T13:57:54.622916,20
2026-04-07T15:16:46.191389,24
2026-04-07T16:32:13.832890,35
2026-04-07T17:35:44.680421,32
2026-04-07T18:37:36.006666,28
2026-04-07T19:41:26.214544,21
2026-04-07T20:26:26.104697,13
2026-04-07T21:11:14.993376,10
2026-04-07T21:58:28.485150,8
2026-04-08T05:26:52.424754,4
2026-04-08T06:54:08.457334,6
2026-04-08T08:11:16.051017,15
2026-04-08T09:19:12.480331,15
2026-04-08T10:33:11.046543,14
2026-04-08T11:34:18.862089,16
2026-04-08T12:38:59.072810,16
2026-04-08T14:15:18.611917,18
2026-04-08T15:48:42.026301,26
2026-04-08T16:47:31.821732,35
2026-04-08T17:52:48.244004,32
2026-04-08T19:03:35.695285,22
2026-04-08T20:01:05.869664,11
2026-04-08T20:56:51.411259,7
2026-04-08T21:44:16.126963,4
2026-04-09T04:03:41.415585,1
2026-04-09T05:55:18.007983,7
2026-04-09T07:21:35.559151,7
2026-04-09T08:49:22.897535,10
2026-04-09T09:59:22.659526,11
2026-04-09T11:09:24.005126,7
2026-04-09T12:02:59.802024,8
2026-04-09T14:07:34.890431,17
2026-04-09T15:52:52.790987,28
2026-04-09T16:59:11.275962,32
2026-04-09T18:03:43.118315,38
2026-04-09T19:23:03.013064,22
2026-04-09T20:11:03.551722,17
2026-04-09T21:04:02.058847,9
2026-04-09T21:55:05.429862,4
2026-04-10T05:48:24.524955,10
2026-04-10T07:10:20.006066,9
2026-04-10T08:47:28.253672,22
2026-04-10T09:55:36.039425,16
2026-04-10T10:54:29.073018,18
2026-04-10T11:45:01.846847,18
2026-04-10T12:37:15.861308,16
2026-04-10T14:01:38.054582,16
2026-04-10T15:00:13.809614,24
2026-04-10T16:02:09.386598,26
2026-04-10T17:02:00.524414,32
2026-04-10T17:56:25.625488,29
2026-04-10T18:57:19.182718,16
2026-04-10T19:46:49.702091,18
2026-04-10T20:20:01.343571,15
2026-04-10T20:59:34.789437,12
2026-04-10T21:50:01.571434,8
2026-04-11T05:17:04.819483,4
2026-04-11T06:16:18.146021,7
2026-04-11T07:30:03.176095,13
2026-04-11T08:04:57.471873,25
2026-04-11T08:58:48.486794,32
2026-04-11T09:52:06.466953,22
2026-04-11T10:24:50.517395,24
2026-04-11T11:01:30.105347,21
2026-04-11T11:39:36.280217,21
2026-04-11T11:59:37.362589,20
2026-04-11T13:17:24.938239,18
2026-04-11T14:02:50.978312,14
2026-04-11T14:50:02.570349,12
2026-04-11T15:20:29.735040,12
2026-04-11T15:51:14.389904,10
2026-04-11T16:22:08.272565,11
2026-04-11T17:01:25.873524,13
2026-04-11T17:43:34.693648,13
2026-04-11T18:21:00.391457,12
2026-04-11T19:08:24.858151,10
2026-04-11T19:48:25.271278,5
2026-04-12T06:06:22.381754,9
2026-04-12T07:42:44.878077,26
2026-04-12T08:30:33.943026,30
2026-04-12T09:26:54.645386,29
2026-04-12T10:08:03.714874,23
2026-04-12T10:57:58.506543,21
2026-04-12T11:38:53.376983,23
2026-04-12T12:02:18.784829,23
2026-04-12T13:21:40.021408,20
2026-04-12T14:06:47.102521,21
2026-04-12T14:55:42.787162,22
2026-04-12T15:36:22.982115,28
2026-04-12T16:04:50.998350,24
2026-04-12T16:54:53.245265,21
2026-04-12T17:33:08.727109,25
2026-04-12T18:04:46.580479,25
2026-04-12T19:05:40.819376,18
2026-04-12T19:49:24.384989,11
2026-04-13T06:03:50.821911,5
2026-04-13T08:19:13.508872,15
2026-04-13T10:09:04.616090,13
2026-04-13T11:39:42.195300,18
2026-04-13T12:46:10.645886,19
2026-04-13T14:22:39.290605,26
2026-04-13T15:53:19.883730,44
2026-04-13T16:57:28.406277,42
2026-04-13T18:07:01.391767,33
2026-04-13T19:36:23.094797,21
2026-04-13T20:34:51.039250,10
2026-04-13T21:28:01.789156,5
2026-04-14T05:10:31.331741,6
2026-04-14T07:01:11.160474,11
2026-04-14T08:49:21.232247,14
2026-04-14T10:02:30.667941,14
2026-04-14T11:15:01.279999,13
2026-04-14T12:09:40.006050,12
2026-04-14T14:11:12.048245,24
2026-04-14T15:39:30.593158,36
2026-04-14T16:44:56.451116,45
2026-04-14T17:52:37.716625,34
2026-04-14T19:00:52.669557,19
2026-04-14T20:12:10.083094,10
2026-04-14T21:08:14.684374,6
2026-04-15T04:50:54.572036,6
2026-04-15T06:25:03.747085,6
2026-04-15T08:12:08.989997,16
2026-04-15T09:51:05.903136,9
2026-04-15T10:49:37.317662,9
2026-04-15T11:43:03.719462,10
2026-04-15T12:47:19.567066,16
2026-04-15T14:20:39.345173,21
2026-04-15T15:43:01.872616,35
2026-04-15T16:43:27.214824,30
2026-04-15T17:48:44.770961,34
2026-04-15T18:54:12.516064,19
2026-04-15T20:00:37.907106,14
2026-04-15T21:01:45.650529,8
2026-04-16T04:24:00.874989,4
2026-04-16T06:18:06.230301,5
2026-04-16T08:08:30.063774,6
2026-04-16T09:47:32.358174,10
2026-04-16T10:51:17.388736,10
2026-04-16T11:49:03.057217,13
2026-04-16T12:55:16.926679,16
2026-04-16T14:54:52.698644,24
2026-04-16T16:21:14.690987,24
2026-04-16T17:48:15.559886,39
2026-04-16T18:52:45.263923,23
2026-04-16T19:56:19.724981,12
2026-04-16T20:51:35.707161,6
2026-04-16T21:33:20.307582,6
2026-04-17T05:16:39.442533,8
2026-04-17T07:06:16.049133,10
2026-04-17T08:51:54.167684,14
2026-04-17T10:04:42.802093,10
2026-04-17T11:10:16.061985,10
2026-04-17T12:03:32.000510,15
2026-04-17T13:54:45.586495,15
2026-04-17T14:53:18.551611,22
2026-04-17T15:54:12.492873,23
2026-04-17T16:52:03.170224,25
2026-04-17T17:40:32.235225,21
2026-04-17T18:36:04.242170,15
2026-04-17T19:42:22.061549,9
2026-04-17T20:27:12.676569,12
2026-04-17T21:10:34.890105,8
2026-04-17T22:00:48.442612,0
2026-04-18T05:38:37.531932,4
2026-04-18T06:49:22.142619,9
2026-04-18T07:49:53.008246,28
2026-04-18T08:33:15.133807,29
2026-04-18T09:30:14.369464,22
2026-04-18T10:10:43.353521,20
2026-04-18T11:00:43.135683,19
2026-04-18T11:44:19.584981,13
2026-04-18T12:26:30.922172,14
2026-04-18T13:41:02.350649,11
2026-04-18T14:25:25.271423,11
2026-04-18T15:05:18.938417,9
2026-04-18T15:51:02.418229,8
2026-04-18T16:24:52.207945,6
2026-04-18T17:04:05.709951,8
2026-04-18T17:50:56.363388,12
2026-04-18T18:28:46.379302,12
2026-04-18T19:25:01.935319,11
2026-04-18T19:58:16.796767,5
2026-04-19T06:12:47.394580,10
2026-04-19T07:46:46.103784,23
2026-04-19T08:37:26.674569,30
2026-04-19T09:28:57.690467,25
2026-04-19T10:09:57.071164,20
2026-04-19T11:00:12.349322,17
2026-04-19T11:45:21.841270,18
2026-04-19T12:26:41.341342,18
2026-04-19T13:39:41.320639,14
2026-04-19T14:24:48.149434,14
2026-04-19T15:05:01.100956,12
2026-04-19T15:51:08.897926,13
2026-04-19T16:25:44.509470,16
2026-04-19T17:05:34.634868,15
2026-04-19T17:51:15.358347,14
2026-04-19T18:31:35.787452,13
2026-04-19T19:26:37.184353,15
2026-04-19T20:00:19.833089,6
2026-04-20T05:58:32.291885,9
2026-04-20T08:22:24.931643,16
2026-04-20T10:13:00.597549,12
2026-04-20T11:43:22.254712,19
2026-04-20T12:52:39.365127,22
2026-04-20T14:29:01.934036,25
2026-04-20T15:54:23.229319,40
2026-04-20T17:00:54.238756,39
2026-04-20T18:05:05.264746,33
2026-04-20T19:21:29.287409,25
2026-04-20T20:08:27.215656,21
2026-04-20T21:00:20.673751,18
2026-04-20T21:56:35.690728,13
2026-04-21T05:53:59.999137,6
2026-04-21T07:28:39.264700,11
2026-04-21T09:11:19.896914,11
2026-04-21T10:44:30.186881,11
2026-04-21T11:46:40.076726,8
2026-04-21T12:48:16.013877,12
2026-04-21T14:25:11.303651,16
2026-04-21T15:51:18.535379,44
2026-04-21T16:45:44.136815,44
2026-04-21T17:45:23.354778,38
2026-04-21T18:46:54.211637,32
2026-04-21T19:53:59.032659,18
2026-04-21T20:45:55.319399,12
2026-04-21T21:33:14.997169,12
2026-04-22T04:16:22.680902,2
2026-04-22T06:13:29.106225,9
2026-04-22T08:07:36.736548,13
2026-04-22T09:49:38.532699,13
2026-04-22T10:54:07.889506,14
2026-04-22T11:57:35.007314,15
2026-04-22T13:56:21.698036,16
2026-04-22T15:15:35.142438,24
2026-04-22T16:33:58.276521,29
2026-04-22T17:36:40.567736,34
2026-04-22T18:43:29.209352,21
2026-04-22T19:53:07.105918,13
2026-04-22T20:45:08.891993,13
2026-04-22T21:38:30.200232,8
2026-04-23T05:55:55.989629,5
2026-04-23T07:55:54.314170,10
2026-04-23T09:45:05.889364,8
2026-04-23T10:57:47.024802,12
2026-04-23T12:01:45.663317,10
2026-04-23T14:06:20.085597,18
2026-04-23T17:42:25.409203,34
2026-04-23T18:45:40.128738,26
2026-04-23T19:56:22.493689,14
2026-04-23T20:55:18.709068,8
2026-04-23T21:44:09.865956,5
2026-04-24T05:59:33.197883,7
2026-04-24T08:17:02.810892,12
2026-04-24T09:56:28.831850,15
2026-04-24T11:07:48.387538,14
2026-04-24T12:04:23.179533,13
2026-04-24T14:02:31.992634,18
2026-04-24T15:19:16.223079,20
2026-04-24T16:14:36.263298,26
2026-04-24T17:15:26.979506,25
2026-04-24T18:02:17.903887,22
2026-04-24T19:08:46.419741,13
2026-04-24T19:59:55.223510,13
2026-04-24T20:59:58.683929,9
2026-04-24T21:55:03.970030,6
2026-04-25T05:27:44.581788,3
2026-04-25T06:51:17.222571,10
2026-04-25T07:58:01.670705,21
2026-04-25T09:02:24.994277,22
2026-04-25T09:59:41.252921,10
2026-04-25T10:55:10.579975,13
2026-04-25T11:37:15.358714,15
2026-04-25T12:05:30.862636,12
2026-04-25T13:37:08.604708,10
2026-04-25T14:26:34.821805,8
2026-04-25T15:08:49.934972,12
2026-04-25T15:54:42.591410,8
2026-04-25T16:38:50.249692,8
2026-04-25T17:23:44.336653,10
2026-04-25T18:02:09.612295,9
2026-04-25T19:07:09.249975,14
2026-04-25T19:51:52.857299,8
2026-04-26T06:26:56.120272,8
2026-04-26T08:02:45.748699,31
2026-04-26T09:11:36.537968,31
2026-04-26T10:06:46.652241,18
2026-04-26T11:01:19.600694,22
2026-04-26T11:49:38.391360,19
2026-04-26T12:33:19.749779,14
2026-04-26T13:49:56.030647,14
2026-04-26T14:34:22.753200,13
2026-04-26T15:25:24.473701,14
2026-04-26T16:05:37.931667,15
2026-04-26T16:59:09.487384,15
2026-04-26T17:50:27.405414,16
2026-04-26T18:31:26.329149,20
2026-04-26T19:31:29.953690,18
2026-04-27T04:42:58.719219,5
2026-04-27T07:26:12.676080,9
2026-04-27T09:37:57.756462,18
2026-04-27T11:25:50.261934,13
2026-04-27T13:04:21.859313,13
2026-04-27T15:15:49.633061,31
2026-04-27T16:57:44.850299,39
2026-04-27T18:08:06.188252,28
2026-04-27T19:47:06.835314,18
2026-04-27T20:44:51.773612,12
2026-04-27T21:40:36.912529,9
2026-04-28T04:45:41.669410,5
2026-04-28T07:19:45.612737,7
2026-04-28T09:36:58.186895,14
2026-04-28T11:25:01.857926,14
2026-04-28T13:10:52.273914,18
2026-04-28T15:37:10.913869,31
2026-04-28T17:17:51.276386,36
2026-04-28T18:56:22.455044,23
2026-04-28T20:18:04.451210,19
2026-04-28T21:32:30.650110,11
2026-04-29T04:42:12.918580,6
2026-04-29T07:11:06.206513,9
2026-04-29T09:24:03.500109,15
2026-04-29T11:13:22.935757,11
2026-04-29T12:55:02.258941,12
2026-04-29T15:11:55.309662,25
2026-04-29T16:53:52.111192,34
2026-04-29T18:08:52.245043,19
2026-04-29T19:52:31.790525,14
2026-04-29T20:53:45.282741,6
2026-04-29T21:55:23.316678,3
2026-04-30T05:47:03.709153,7
2026-04-30T07:54:00.581213,7
2026-04-30T10:02:20.798415,9
2026-04-30T11:48:41.006083,8
2026-04-30T13:11:07.516599,15
2026-04-30T15:22:29.964543,18
2026-04-30T16:53:39.500367,16
2026-04-30T18:06:41.829511,20
2026-04-30T19:46:33.240307,10
2026-04-30T20:44:38.469427,12
2026-04-30T21:41:42.443736,9
2026-05-01T05:05:00.317276,2
2026-05-01T07:34:42.384473,15
2026-05-01T09:18:56.022813,20
2026-05-01T10:48:49.738325,27
2026-05-01T11:46:45.239149,16
2026-05-01T12:44:20.476190,15
2026-05-01T14:08:25.457645,8
2026-05-01T15:14:04.919338,8
2026-05-01T16:12:10.475723,6
2026-05-01T17:14:01.701296,9
2026-05-01T18:13:02.207683,10
2026-05-01T19:40:22.208755,9
2026-05-01T20:34:06.191797,0
2026-05-01T21:30:41.738076,0
2026-05-02T06:25:44.003475,7
2026-05-02T08:07:29.033415,19
2026-05-02T09:19:28.470569,19
2026-05-02T10:13:56.091539,13
2026-05-02T11:08:38.168768,18
2026-05-02T11:57:28.518904,20
2026-05-02T13:22:52.631405,15
2026-05-02T14:28:06.308088,13
2026-05-02T15:23:47.959551,8
2026-05-02T16:07:20.848448,9
2026-05-02T17:04:43.636544,12
2026-05-02T17:59:28.875278,12
2026-05-02T19:12:50.723270,4
2026-05-02T19:59:34.368481,3
2026-05-03T06:18:31.281402,6
2026-05-03T08:17:38.459353,24
2026-05-03T09:41:32.141631,22
2026-05-03T10:37:14.742182,20
2026-05-03T11:24:26.296796,21
2026-05-03T12:04:57.413822,21
2026-05-03T13:45:00.751875,25
2026-05-03T14:36:05.014188,24
2026-05-03T15:27:07.760086,22
2026-05-03T16:10:16.412074,23
2026-05-03T17:07:48.135832,26
2026-05-03T18:01:04.806612,17
2026-05-03T19:13:08.318424,12
2026-05-03T20:00:52.362760,5
2026-05-04T04:02:42.265370,1
2026-05-04T06:49:44.878262,10
2026-05-04T09:08:43.540028,20
2026-05-04T11:17:14.793355,14
2026-05-04T12:59:05.365610,15
2026-05-04T15:13:56.422832,34
2026-05-04T17:01:41.490368,50
2026-05-04T18:25:06.540761,33
2026-05-04T20:01:50.937000,18
2026-05-04T21:16:30.307060,7
2026-05-05T06:07:40.182240,9
2026-05-05T08:26:31.467850,12
2026-05-05T10:18:31.567210,14
2026-05-05T11:43:25.658500,18
2026-05-05T12:57:33.604203,16
2026-05-05T16:55:48.489511,48
2026-05-05T18:10:44.538143,37
2026-05-05T19:52:02.462122,22
2026-05-05T20:52:41.508603,10
2026-05-05T21:55:04.050241,3
2026-05-06T04:46:21.902429,3
2026-05-06T09:42:31.848778,12
2026-05-06T11:30:02.722440,16
2026-05-06T13:17:39.283474,15
2026-05-06T15:38:10.555487,48
2026-05-06T17:12:43.456112,42
2026-05-06T19:00:35.124386,22
2026-05-06T20:41:53.704942,14
2026-05-06T21:45:36.210839,5
2026-05-07T04:46:44.507364,8
2026-05-07T07:33:53.420283,10
2026-05-07T10:04:06.299182,16
2026-05-07T12:01:13.885089,15
2026-05-07T14:41:38.782804,24
2026-05-07T16:27:46.024819,37
2026-05-07T18:07:56.799373,37
2026-05-07T19:52:42.062564,17
2026-05-07T20:58:36.380658,11
2026-05-08T05:49:01.529241,8
2026-05-08T07:10:35.778534,10
2026-05-08T08:48:41.768544,15
2026-05-08T10:11:07.089114,18
2026-05-08T11:45:26.317602,14
2026-05-08T13:00:20.724796,16
2026-05-08T14:59:52.762500,22
2026-05-08T16:22:17.309115,28
2026-05-08T17:49:39.338874,20
2026-05-08T18:59:05.949701,24
2026-05-08T20:11:52.929207,16
2026-05-08T21:16:26.946494,10
2026-05-09T06:15:08.463472,8
2026-05-09T08:12:58.698749,25
2026-05-09T09:44:15.887813,24
2026-05-09T10:39:47.447035,20
2026-05-09T11:33:45.935363,17
2026-05-09T12:37:53.815867,18
2026-05-09T14:04:18.767900,11
2026-05-09T15:07:15.662210,12
2026-05-09T16:06:06.560452,12
2026-05-09T17:08:57.165799,18
2026-05-09T18:03:40.012742,13
2026-05-09T19:18:06.722862,7
2026-05-09T20:04:10.892140,4
2026-05-10T07:27:23.832765,13
2026-05-10T09:13:07.486566,27
2026-05-10T10:39:07.242092,29
2026-05-10T11:32:37.122174,29
2026-05-10T12:35:46.671972,20
2026-05-10T14:04:18.003518,16
2026-05-10T15:08:30.611320,16
2026-05-10T16:07:26.141758,20
2026-05-10T17:10:23.879928,15
2026-05-10T18:05:40.921215,12
2026-05-10T19:19:36.477068,12
2026-05-11T07:51:00.889505,13
2026-05-11T10:50:25.566554,18
2026-05-11T13:34:36.494669,19
2026-05-11T16:17:31.313477,43
2026-05-11T18:11:07.065239,38
2026-05-11T20:03:24.867092,20
2026-05-11T21:38:01.077305,7
2026-05-12T04:56:46.063186,6
2026-05-12T07:44:12.248506,12
2026-05-12T10:15:51.618955,14
2026-05-12T12:20:32.418684,14
2026-05-12T15:15:21.131593,32
2026-05-12T17:25:22.506116,38
2026-05-12T19:16:38.938432,25
2026-05-12T20:53:04.587354,12
2026-05-13T04:14:58.747859,4
2026-05-13T07:29:45.603399,8
2026-05-13T10:05:43.782211,20
2026-05-13T12:21:41.818681,16
2026-05-13T15:19:42.792776,32
2026-05-13T17:28:05.510856,36
2026-05-13T19:18:00.627192,35
2026-05-13T20:59:22.801251,11
2026-05-14T05:28:14.561222,3
2026-05-14T08:09:48.200451,28
2026-05-14T10:32:12.156244,24
2026-05-14T12:12:46.376838,27
2026-05-14T14:43:02.384658,18
2026-05-14T16:33:33.737802,17
2026-05-14T18:20:10.237212,19
2026-05-14T20:10:11.391646,0
2026-05-14T21:35:46.537917,0
2026-05-15T05:32:49.032059,6
2026-05-15T08:23:20.953836,13
2026-05-15T10:43:04.001830,18
2026-05-15T12:25:15.267774,19
2026-05-15T14:58:38.742817,21
2026-05-15T16:56:12.987920,30
2026-05-15T18:23:11.964059,32
2026-05-15T19:58:36.297857,16
2026-05-15T21:14:49.943711,10
2026-05-16T06:28:48.490433,8
2026-05-16T08:24:37.924330,28
2026-05-16T09:55:16.641986,19
2026-05-16T11:01:04.338821,14
2026-05-16T11:59:53.039629,12
2026-05-16T13:51:15.401240,16
2026-05-16T14:45:01.519382,15
2026-05-16T15:42:32.166094,18
2026-05-16T16:38:23.514855,17
2026-05-16T17:38:50.004017,17
2026-05-16T18:39:01.562260,13
2026-05-16T19:46:30.553301,11
2026-05-17T07:41:41.819449,17
2026-05-17T09:23:28.933905,28
2026-05-17T10:48:30.484121,27
2026-05-17T11:48:56.366850,31
2026-05-17T12:43:57.872400,35
2026-05-17T14:13:28.768091,32
2026-05-17T15:18:51.101458,27
2026-05-17T16:16:21.119928,28
2026-05-17T17:28:46.525362,26
2026-05-17T18:36:28.443210,20
2026-05-17T19:47:10.761439,20
2026-05-18T05:50:54.678865,7
2026-05-18T09:32:51.865048,19
2026-05-18T12:53:30.709796,14
2026-05-18T16:18:46.107452,38
2026-05-18T18:14:56.474116,27
2026-05-18T20:03:57.231588,15
2026-05-18T21:22:10.945861,9
2026-05-19T05:47:26.384181,7
2026-05-19T08:50:03.990893,14
2026-05-19T11:49:44.720018,17
2026-05-19T14:22:00.871004,25
2026-05-19T17:23:14.120428,44
2026-05-19T19:24:15.627306,21
2026-05-19T20:58:00.533396,7
2026-05-20T05:48:21.292991,7
2026-05-20T08:46:07.256758,19
2026-05-20T11:37:13.029888,10
2026-05-20T14:15:37.096242,20
2026-05-20T17:32:47.197807,34
2026-05-20T19:51:48.861525,15
2026-05-20T21:30:08.267546,5
2026-05-21T04:40:39.800703,2
2026-05-21T08:20:27.328270,11
2026-05-21T11:40:39.952482,13
2026-05-21T14:24:06.415378,20
2026-05-21T17:10:41.638806,41
2026-05-21T19:16:40.954589,19
2026-05-21T20:59:37.065951,12
2026-05-22T05:47:09.292611,6
2026-05-22T08:41:54.658519,16
2026-05-22T11:31:52.301715,20
2026-05-22T13:56:55.350640,20
2026-05-22T16:27:30.259266,20
2026-05-22T18:16:33.027678,26
2026-05-22T20:14:02.550557,14
2026-05-22T21:36:58.747213,10
2026-05-23T05:09:08.802346,2
2026-05-23T07:42:00.525248,15
2026-05-23T09:26:27.679887,18
2026-05-23T10:52:58.295664,10
2026-05-23T11:55:51.323276,11
2026-05-23T13:26:45.182015,12
2026-05-23T15:50:22.442710,8
2026-05-23T16:43:33.258954,11
2026-05-23T17:45:37.840566,11
2026-05-23T18:45:08.670838,9
2026-05-23T19:54:08.350807,4
2026-05-24T05:44:29.833126,6
2026-05-24T08:08:15.687903,22
2026-05-24T10:07:21.863925,16
2026-05-24T11:40:45.953375,18
2026-05-24T12:46:18.477995,15
2026-05-24T14:15:01.905628,11
2026-05-24T15:36:28.206763,12
2026-05-24T16:40:08.554398,8
2026-05-24T17:41:09.689370,10
2026-05-24T18:48:11.051523,10
2026-05-24T19:56:07.843661,2
2026-05-25T04:51:47.053075,0
2026-05-25T08:49:43.741384,21
2026-05-25T12:15:00.891383,22
2026-05-25T15:29:58.528866,16
2026-05-25T17:19:42.187820,16
2026-05-25T18:55:17.877676,13
2026-05-25T20:21:53.008885,6
2026-05-25T21:39:29.772361,6
2026-05-26T05:47:43.893133,7
2026-05-26T08:57:29.840865,9
2026-05-26T16:11:04.210277,34
2026-05-26T18:36:46.476916,15
2026-05-26T20:34:31.184728,11
2026-05-27T05:59:27.392686,8
2026-05-27T10:12:28.983831,12
2026-05-27T13:48:36.845225,13
2026-05-27T16:54:41.715412,30
2026-05-27T19:21:26.457302,25
2026-05-27T21:16:40.481554,14
2026-05-28T06:39:50.052345,6
2026-05-28T10:41:06.190001,10
2026-05-28T14:23:40.097179,14
2026-05-28T17:47:29.381375,35
2026-05-28T19:57:59.429279,17
2026-05-28T21:59:54.293076,6
2026-05-29T05:54:03.776034,11
2026-05-29T09:45:16.996556,12
2026-05-29T12:36:14.989363,13
2026-05-29T16:27:30.161505,23
2026-05-29T19:09:57.760652,21
2026-05-29T21:16:45.782248,11
2026-05-30T06:36:26.019459,10
2026-05-30T09:02:23.034075,34
2026-05-30T10:50:54.721794,17
2026-05-30T11:59:06.255208,15
2026-05-30T13:58:30.561909,13
2026-05-30T15:16:04.132583,11
2026-05-30T16:17:17.463788,12
2026-05-30T17:32:56.817692,9
2026-05-30T18:43:30.603897,10
2026-05-30T19:56:44.987219,6
2026-05-31T08:13:52.025802,28
2026-05-31T10:25:30.671057,17
2026-05-31T11:56:31.695620,16
2026-05-31T13:49:12.209305,20
2026-05-31T15:06:17.050983,27
2026-05-31T16:21:43.564497,27
2026-05-31T17:34:25.471474,26
2026-05-31T18:48:08.036770,19
2026-05-31T19:57:33.848381,10
2026-06-01T06:31:20.969029,12
2026-06-01T12:18:34.354751,15
2026-06-01T18:19:13.804138,33
2026-06-01T21:44:53.800421,4
2026-06-02T06:20:55.533540,6
2026-06-02T10:59:01.090933,12
2026-06-02T15:00:04.376133,26
2026-06-02T18:48:44.220707,31
2026-06-02T21:37:15.705872,5
2026-06-03T07:02:23.161139,14
2026-06-03T12:03:24.132655,11
2026-06-03T17:09:30.500124,30
2026-06-03T20:26:23.381381,16
2026-06-04T05:12:55.843724,3
2026-06-04T09:01:55.760426,35
2026-06-04T12:11:16.589571,23
2026-06-04T15:44:00.431177,21
2026-06-04T18:01:16.957751,19
2026-06-04T20:17:37.956073,0
2026-06-04T21:55:32.065639,0
2026-06-05T04:51:49.739016,8
2026-06-05T08:37:30.203019,18
2026-06-05T11:46:35.583101,17
2026-06-05T14:11:16.229857,19
2026-06-05T16:41:21.252536,19
2026-06-05T18:28:45.572736,20
2026-06-05T20:28:41.574020,15
2026-06-05T21:59:20.918819,7
2026-06-06T05:12:44.172395,2
2026-06-06T08:02:36.870285,22
2026-06-06T10:16:38.930193,24
2026-06-06T11:48:23.300556,19
2026-06-06T12:57:58.601942,16
2026-06-06T14:47:17.654274,19
2026-06-06T15:58:04.267553,17
2026-06-06T17:20:40.291256,15
2026-06-06T18:43:47.480893,10
2026-06-06T19:59:59.695986,1
2026-06-07T06:07:16.062552,6
2026-06-07T09:33:23.575701,23
2026-06-07T11:23:00.093059,20
2026-06-07T12:56:46.056755,24
2026-06-07T14:53:34.080791,23
2026-06-07T16:10:13.280418,28
2026-06-07T17:40:12.435048,25
2026-06-07T18:56:14.760197,22
2026-06-08T06:59:21.831789,8
2026-06-08T12:04:39.778699,18
2026-06-08T16:14:53.012352,38
2026-06-08T18:37:06.542107,34
2026-06-08T21:04:22.340104,14
2026-06-09T06:19:21.445480,8
2026-06-09T10:05:40.345807,11
2026-06-09T12:49:09.510064,9
2026-06-09T15:46:41.806387,39
2026-06-09T17:47:27.043762,38
2026-06-09T19:49:07.973280,20
2026-06-09T21:24:46.887149,8
2026-06-10T04:51:51.564979,8
2026-06-10T08:42:17.518853,14
2026-06-10T12:01:13.622672,7
2026-06-10T16:00:02.237811,37
2026-06-10T18:36:56.562160,34
2026-06-10T21:12:22.681864,20
2026-06-11T05:02:45.194444,2
2026-06-11T09:18:04.493109,11
2026-06-11T12:56:11.238530,11
2026-06-11T16:54:48.901597,46
2026-06-11T19:34:26.308653,18
2026-06-11T21:36:16.465521,10
2026-06-12T06:18:27.514786,7
2026-06-12T10:43:28.499052,17
2026-06-12T13:51:58.146718,20
2026-06-12T16:37:38.978267,26
2026-06-12T18:29:15.643588,30
2026-06-12T20:37:27.489020,19
2026-06-13T06:42:27.620866,10
2026-06-13T09:46:13.482817,19
2026-06-13T11:42:42.687882,17
2026-06-13T13:13:01.258243,17
2026-06-13T15:11:49.256599,21
2026-06-13T16:46:53.536679,26
2026-06-13T17:59:30.610794,31
2026-06-13T19:47:27.288306,10
2026-06-14T06:19:38.948891,4
2026-06-14T09:59:57.090481,22
2026-06-14T12:06:06.211187,23
2026-06-14T14:25:14.144569,27
2026-06-14T16:04:51.399845,26
2026-06-14T17:41:39.031599,24
2026-06-14T18:58:20.428906,18
2026-06-15T05:24:20.961316,4
2026-06-15T11:27:58.489267,11
2026-06-15T16:27:25.277238,35
2026-06-15T20:02:31.019794,20
2026-06-16T05:31:30.041634,7
2026-06-16T10:26:57.796892,17
2026-06-16T15:26:53.682029,36
2026-06-16T19:02:20.443113,43
2026-06-16T21:44:13.200664,23
2026-06-17T06:50:27.460497,9
2026-06-17T11:24:07.877992,11
2026-06-17T14:34:36.277661,26
2026-06-17T17:34:44.483247,29
2026-06-17T19:46:45.672910,17
2026-06-17T21:46:29.419848,5
2026-06-18T06:28:07.393462,6
2026-06-18T10:54:49.650500,6
2026-06-18T14:08:11.082348,12
2026-06-18T17:26:23.107430,34
2026-06-18T19:38:21.886097,14
2026-06-18T21:36:47.745133,7
2026-06-19T07:30:30.722506,16
2026-06-19T11:50:02.057966,18
2026-06-19T14:32:05.441098,14
2026-06-19T17:00:42.934458,11
2026-06-19T19:03:31.786587,13
2026-06-19T20:43:18.786034,9
2026-06-19T21:51:40.306266,4
2026-06-20T06:20:42.125655,10
2026-06-20T09:45:51.598475,18
2026-06-20T11:45:18.168035,10
2026-06-20T13:14:17.134721,6
2026-06-20T15:16:05.424978,10
2026-06-20T16:54:46.329666,10
2026-06-20T18:08:56.752984,9
2026-06-20T19:54:44.025644,6
2026-06-21T07:04:27.736338,11
2026-06-21T10:41:05.620318,17
2026-06-21T12:29:38.058044,18
2026-06-21T14:59:24.334758,9
2026-06-21T16:50:48.292370,13
2026-06-21T18:13:04.378862,15
2026-06-22T05:21:34.475891,6
2026-06-22T11:09:32.622323,11
2026-06-22T15:59:27.978402,28
2026-06-22T19:37:03.517308,23
2026-06-22T21:46:52.807617,6
2026-06-23T04:34:21.605181,7
2026-06-23T08:06:22.592424,12
2026-06-23T11:28:02.970151,15
2026-06-23T14:00:07.873553,15
2026-06-23T16:31:39.522219,34
2026-06-23T18:24:44.719970,28
2026-06-23T20:31:19.385292,13
2026-06-23T22:00:14.688632,5
2026-06-24T04:37:42.986829,6
2026-06-24T08:02:20.049491,11
2026-06-24T11:12:56.629328,8
2026-06-24T13:28:43.100377,10
2026-06-24T15:53:45.922146,14
2026-06-24T17:48:40.445253,22
2026-06-24T19:20:22.902349,21
2026-06-24T21:02:45.150324,16
2026-06-25T05:55:41.761227,7
2026-06-25T09:21:34.753987,3
2026-06-25T11:59:19.315223,5
2026-06-25T14:48:56.217168,2
2026-06-25T16:59:57.024091,2
2026-06-25T19:09:35.193177,2
2026-06-25T21:02:04.696087,2
2026-06-26T04:17:59.924869,4
2026-06-26T08:04:28.265374,8
2026-06-26T11:12:17.758285,5
2026-06-26T13:21:23.361993,6
2026-06-26T15:34:51.024275,8
2026-06-26T17:19:28.397216,9
2026-06-26T19:11:15.908978,9
2026-06-26T20:55:15.818300,5
2026-06-27T05:32:20.961223,3
2026-06-27T08:11:46.804140,22
2026-06-27T10:23:23.601407,10
2026-06-27T11:50:59.496275,10
2026-06-27T13:02:24.996843,6
2026-06-27T14:51:55.373721,5
2026-06-27T15:58:14.957665,6
2026-06-27T17:17:56.303880,7
2026-06-27T19:56:24.405965,8
2026-06-28T05:57:13.660255,4
2026-06-28T09:16:43.680199,12
2026-06-28T11:17:18.089381,14
2026-06-28T12:46:51.808728,12
2026-06-28T14:27:34.990347,9
2026-06-28T15:51:02.979447,13
2026-06-28T16:54:17.424452,15
2026-06-28T18:02:27.157302,14
2026-06-28T19:41:49.177980,10
2026-06-29T07:13:40.054992,9
2026-06-29T12:11:48.386555,15
2026-06-29T16:10:52.527027,31
2026-06-29T18:23:26.739077,29
2026-06-29T20:20:18.072748,16
2026-06-29T21:47:38.040739,11
2026-06-30T05:57:24.786001,4
2026-06-30T09:48:50.434444,9
2026-06-30T12:01:52.660176,8
2026-06-30T14:38:30.546081,18
2026-06-30T16:55:42.044828,45
2026-06-30T18:55:37.870633,25
2026-06-30T20:55:59.530491,15
2026-07-01T06:27:18.184719,7
2026-07-01T10:29:53.697662,10
2026-07-01T13:18:46.615575,10
2026-07-01T15:58:34.611089,32
2026-07-01T18:04:53.318948,36
2026-07-01T20:07:07.994018,21
2026-07-01T21:44:34.301008,12
2026-07-02T04:17:44.714315,3
2026-07-02T07:46:47.528204,12
2026-07-02T10:23:19.482627,8
2026-07-02T12:25:48.768418,14
2026-07-02T14:38:40.369482,17
2026-07-02T16:26:40.464333,23
2026-07-02T18:13:56.244318,36
2026-07-02T19:53:45.250126,18
2026-07-02T20:59:00.303579,16
2026-07-03T04:57:25.286140,4
2026-07-03T08:12:46.899688,12
2026-07-03T11:00:24.605063,17
2026-07-03T13:02:09.335314,14
2026-07-03T15:19:55.175576,17
2026-07-03T16:48:36.181501,17
2026-07-03T18:04:27.894597,26
2026-07-03T19:43:59.105426,17
2026-07-03T20:45:10.551584,15
2026-07-03T21:47:41.907822,8
2026-07-04T07:52:31.502355,18
2026-07-04T10:00:32.537093,17
2026-07-04T11:41:22.158820,12
2026-07-04T12:48:01.134772,10
2026-07-04T14:18:57.763667,17
2026-07-04T15:35:34.045851,12
2026-07-04T16:37:30.772410,14
2026-07-04T17:41:46.088657,14
2026-07-04T18:41:22.073489,15
2026-07-04T19:55:06.144305,9
2026-07-05T07:41:02.856073,13
2026-07-05T09:56:01.598099,21
2026-07-05T11:35:02.361364,22
2026-07-05T12:51:19.314101,21
2026-07-05T14:23:21.840988,24
2026-07-05T15:44:20.876580,26
2026-07-05T16:46:01.236401,27
2026-07-05T17:48:03.689508,31
2026-07-05T18:51:24.918217,25
2026-07-06T05:39:59.972372,6
2026-07-06T09:42:57.965360,14
2026-07-06T13:32:28.287647,19
2026-07-06T16:40:20.428859,41
2026-07-06T18:30:34.222083,32
2026-07-06T20:28:48.186888,23
2026-07-06T21:57:02.696470,3
2026-07-07T05:04:39.262472,5
2026-07-07T08:35:30.139052,9
2026-07-07T11:27:04.129195,13
2026-07-07T13:35:16.600423,16
2026-07-07T16:07:47.882092,35
2026-07-07T18:17:26.753713,28
2026-07-07T20:17:56.905219,20
2026-07-07T21:46:12.634585,14
2026-07-08T04:31:02.185715,4
2026-07-08T07:08:24.761804,7
2026-07-08T09:34:28.984449,13
2026-07-08T11:26:27.597191,12
2026-07-08T13:05:12.298415,14
2026-07-08T15:30:38.533359,34
2026-07-08T17:02:23.436821,44
2026-07-08T18:38:24.493431,35
2026-07-08T20:07:23.667581,22
2026-07-08T21:21:25.865799,16
2026-07-09T05:08:24.842483,4
2026-07-09T08:42:32.329140,8
2026-07-09T11:35:52.875085,13
2026-07-09T14:12:08.169877,17
2026-07-09T16:42:02.103443,37
2026-07-09T18:27:22.853902,38
2026-07-09T20:20:59.976658,20
2026-07-09T21:52:38.210933,14
2026-07-10T04:18:13.138707,4
2026-07-10T07:55:50.670327,12
2026-07-10T10:53:21.191259,11
2026-07-10T13:07:01.278198,11
2026-07-10T15:38:56.241457,16
2026-07-10T17:25:50.578479,22
2026-07-10T19:00:15.884819,18
2026-07-10T20:38:17.738531,15
2026-07-10T21:39:50.778156,12
2026-07-11T06:32:56.951063,8
2026-07-11T08:23:24.252820,23
2026-07-11T09:55:54.151183,16
2026-07-11T11:05:10.005946,17
2026-07-11T12:01:19.238448,16
2026-07-11T13:46:25.747123,11
2026-07-11T14:40:17.061937,10
2026-07-11T15:36:35.498040,12
2026-07-11T16:31:00.909681,12
2026-07-11T17:34:02.252221,11
2026-07-11T18:30:46.301090,10
2026-07-11T19:45:21.417809,14
2026-07-12T07:09:26.211034,9
2026-07-12T09:14:31.750616,26
2026-07-12T10:45:02.222618,15
2026-07-12T11:45:09.335686,18
2026-07-12T12:40:12.221602,13
2026-07-12T14:13:51.524791,14
2026-07-12T15:17:40.018193,12
2026-07-12T16:15:24.638849,16
2026-07-12T17:27:45.759845,16
2026-07-12T18:28:46.888607,14
2026-07-12T19:41:20.110362,13
2026-07-13T07:30:13.319642,14
2026-07-13T10:39:29.674293,15
2026-07-13T13:03:20.807367,15
2026-07-13T15:48:21.972064,28
2026-07-13T17:45:20.956991,30
2026-07-13T19:05:38.580932,27
2026-07-13T20:22:54.860773,17
2026-07-13T21:26:24.129352,12
2026-07-14T06:03:50.464952,5
2026-07-14T08:24:55.489872,9
2026-07-14T10:15:22.057048,11
2026-07-14T11:47:17.338257,10
2026-07-14T12:54:55.902157,14
2026-07-14T14:47:57.601835,22
2026-07-14T16:04:19.288991,34
2026-07-14T17:31:46.423583,23
2026-07-14T18:43:24.686816,23
2026-07-14T19:56:47.947148,16
2026-07-14T21:02:04.316189,9
2026-07-15T05:53:04.828855,6
2026-07-15T07:54:03.839952,13
2026-07-15T09:57:29.721742,12
2026-07-15T11:37:43.950517,14
2026-07-15T12:56:42.920555,15
2026-07-15T14:53:02.268756,22
2026-07-15T16:14:11.423994,32
2026-07-15T17:40:16.845543,30
2026-07-15T18:45:01.207323,22
2026-07-15T19:54:51.481561,16
2026-07-15T20:57:41.910177,11
2026-07-16T06:01:22.495943,6
2026-07-16T08:27:23.784519,11
2026-07-16T10:27:58.958195,12
2026-07-16T12:02:36.868227,14
2026-07-16T14:15:21.230665,12
2026-07-16T15:48:36.895154,20
2026-07-16T16:56:37.904117,31
2026-07-16T18:07:18.514130,34
2026-07-16T19:32:43.470855,24
2026-07-16T20:30:02.738579,15
2026-07-16T21:36:35.448763,10
2026-07-17T04:20:48.833716,3
2026-07-17T06:32:32.254679,6
2026-07-17T08:38:07.366508,19
2026-07-17T10:24:43.660583,15
2026-07-17T11:50:59.795182,16
2026-07-17T12:56:04.583324,15
2026-07-17T14:43:54.573867,14
2026-07-17T16:03:01.219507,18
2026-07-17T17:20:03.495406,26
2026-07-17T18:29:54.811176,21
2026-07-17T19:41:04.170122,20
2026-07-17T20:33:16.941455,15
2026-07-17T21:26:26.686630,10
2026-07-18T05:48:58.728840,5
2026-07-18T07:20:22.608127,11
2026-07-18T09:03:47.357828,25
2026-07-18T10:35:40.735721,16
2026-07-18T11:33:10.511238,20
2026-07-18T12:31:49.263854,17
2026-07-18T14:01:32.137171,14
2026-07-18T15:05:54.513244,18
2026-07-18T16:07:04.391879,19
2026-07-18T17:11:06.264068,16
2026-07-18T18:07:04.290786,16
2026-07-18T19:21:28.514399,14
2026-07-19T06:16:57.857502,7
2026-07-19T08:36:55.284347,29
2026-07-19T10:12:44.652843,18
2026-07-19T11:31:10.114154,21
2026-07-19T12:29:04.904717,22
2026-07-19T14:04:41.208741,19
2026-07-19T15:09:58.213849,21
2026-07-19T16:09:07.860283,20
2026-07-19T17:14:27.344648,27
2026-07-19T18:10:04.810189,22
2026-07-19T19:31:07.949392,14
2026-07-20T04:46:23.181427,5
2026-07-20T07:46:41.811663,14
2026-07-20T10:33:24.346988,14
2026-07-20T12:35:48.191191,16
2026-07-20T14:52:54.543695,26
2026-07-20T16:20:07.152957,34
2026-07-20T18:24:48.431655,31
2026-07-20T20:05:29.877428,22
2026-07-20T21:19:49.587752,12
2026-07-21T04:23:09.494608,6
2026-07-21T07:04:24.234766,8
2026-07-21T09:34:30.900357,10
2026-07-21T11:26:03.491861,10
2026-07-21T12:53:03.157513,19
2026-07-21T14:58:11.615620,34
2026-07-21T16:26:34.187013,40
2026-07-21T17:53:47.778903,29
2026-07-21T19:11:28.300102,28
2026-07-21T20:35:40.871967,20
2026-07-21T21:43:12.512189,14
2026-07-22T04:29:27.377204,6
2026-07-22T07:14:53.627233,8
2026-07-22T09:40:39.299043,13
2026-07-22T11:29:24.272007,18
2026-07-22T13:04:18.887619,14
2026-07-22T15:10:55.230634,28
2026-07-22T16:45:33.003226,28
2026-07-22T17:55:39.214787,35
2026-07-22T19:18:27.613007,19
2026-07-22T20:34:02.483202,19
2026-07-22T21:40:37.705297,12
2026-07-23T04:35:25.836943,5
2026-07-23T07:14:08.974224,8
2026-07-23T09:38:44.566070,9
2026-07-23T11:31:12.029894,10
2026-07-23T13:07:04.455570,11
2026-07-23T15:21:42.155318,26
2026-07-23T16:52:16.698320,33
2026-07-23T18:06:45.899603,28
2026-07-23T19:42:14.758893,19
2026-07-23T20:43:13.045390,14
2026-07-23T21:45:20.331712,12
2026-07-24T04:28:21.534512,5
2026-07-24T07:10:02.079130,7
2026-07-24T09:33:21.943367,12
2026-07-24T11:20:01.625864,17
2026-07-24T12:50:16.721453,16
2026-07-24T14:28:51.039763,18
2026-07-24T15:56:51.051324,23
2026-07-24T17:38:54.766566,23
2026-07-24T19:03:20.108815,16
2026-07-24T20:37:36.037129,13
2026-07-24T21:43:38.142758,9
2026-07-25T06:40:35.832204,8
2026-07-25T10:18:00.390950,16
2026-07-25T11:38:41.171678,13
2026-07-25T12:43:05.670372,12
2026-07-25T14:19:20.206092,15
2026-07-25T15:32:59.449349,10
2026-07-25T16:28:34.057605,10
2026-07-25T17:32:38.968161,11
2026-07-25T18:32:00.117825,12
2026-07-25T19:48:12.058377,9
2026-07-26T07:20:20.168123,12
2026-07-26T09:27:39.778484,22
2026-07-26T11:03:12.332301,18
2026-07-26T12:11:21.190994,19
2026-07-26T13:56:40.029507,19
2026-07-26T15:06:53.382157,17
2026-07-26T16:12:19.461029,20
2026-07-26T17:16:14.271610,27
2026-07-26T18:14:37.938069,20
2026-07-26T19:37:36.578627,12
2026-07-27T04:55:14.754896,8
2026-07-27T08:29:03.476522,16
2026-07-27T11:53:22.864155,14
2026-07-27T14:17:07.667460,17
2026-07-27T16:35:17.638321,37
2026-07-27T18:10:04.239891,41
2026-07-27T19:52:50.515419,26
2026-07-27T21:03:08.015568,21
2026-07-28T04:11:23.758203,7
2026-07-28T06:40:08.663926,4
2026-07-28T09:23:59.131767,13
2026-07-28T11:33:09.083902,14
2026-07-28T13:15:04.102441,17
2026-07-28T15:36:26.325888,34
2026-07-28T17:06:07.441559,37
2026-07-28T18:40:51.362116,35
2026-07-28T20:05:55.282947,25
2026-07-28T21:18:55.857770,6
2026-07-29T04:22:14.105541,4
2026-07-29T07:12:32.916718,10
2026-07-29T09:57:33.034780,12
2026-07-29T12:03:50.377629,11
2026-07-29T14:27:28.654279,11
2026-07-29T16:02:48.332270,18
2026-07-29T17:23:52.954650,20
2026-07-29T18:30:21.746836,16
2026-07-29T19:53:43.836838,12
2026-07-29T20:48:43.626131,10
2026-07-29T21:41:35.187244,9
2026-07-30T04:13:31.898792,4
2026-07-30T06:42:58.417272,5
2026-07-30T09:18:16.454062,7
2026-07-30T11:24:00.106324,7
2026-07-30T13:04:34.470104,8
2026-07-30T15:20:11.941315,23
2026-07-30T16:54:25.818747,28
2026-07-30T18:12:48.347880,34
2026-07-30T19:53:15.288392,18
2026-07-30T20:58:57.283092,13
2026-07-31T04:30:21.121425,8
2026-07-31T07:24:59.961676,9
2026-07-31T10:04:37.317169,14
2026-07-31T12:10:06.125613,14
2026-07-31T14:33:27.801259,22
2026-07-31T16:19:13.025162,21
2026-07-31T17:57:21.828955,28
2026-07-31T19:40:06.234985,19
2026-07-31T20:48:46.578669,19
2026-07-31T21:48:47.650962,6
2026-08-01T07:15:27.762579,10
2026-08-01T09:24:21.935947,21
2026-08-01T10:56:04.056755,20
2026-08-01T12:01:40.118845,19
2026-08-01T13:46:17.818792,16
2026-08-01T14:47:33.784596,13
2026-08-01T15:46:09.626324,12
2026-08-01T16:40:08.887223,15
2026-08-01T17:41:52.783055,17
2026-08-01T18:41:16.347662,13
2026-08-01T19:55:31.610576,9
2026-08-02T07:18:40.408705,16
2026-08-02T09:25:51.787004,27
2026-08-02T10:58:37.479277,21
2026-08-02T12:09:18.461090,20
2026-08-02T13:52:22.405084,22
2026-08-02T14:53:39.546744,20
2026-08-02T15:55:57.693079,22
2026-08-02T16:59:05.257416,21
2026-08-02T18:05:16.634685,24
2026-08-02T19:30:05.428987,17
2026-08-03T04:45:22.463546,8
2026-08-03T08:13:24.318698,18
2026-08-03T11:46:05.781793,9
2026-08-03T14:04:16.734079,16
2026-08-03T16:36:13.109569,30
2026-08-03T18:23:17.425225,28
2026-08-03T20:08:11.254910,18
2026-08-03T21:19:47.731083,16
2026-08-04T04:26:52.528013,5
2026-08-04T07:14:24.384514,7
2026-08-04T09:59:47.483818,11
2026-08-04T12:07:43.431977,13
2026-08-04T14:36:47.103914,19
2026-08-04T16:29:09.691309,39
2026-08-04T18:11:59.810598,29
2026-08-04T19:57:04.033630,21
2026-08-04T21:14:10.114549,17
2026-08-05T04:18:15.912255,4
2026-08-05T06:46:16.204763,9
2026-08-05T09:27:14.740303,13
2026-08-05T11:36:55.661156,12
2026-08-05T13:20:00.638336,10
2026-08-05T15:32:54.114791,30
2026-08-05T17:05:26.116992,30
2026-08-05T18:45:37.341996,24
2026-08-05T20:16:48.300188,16
2026-08-05T21:36:49.685902,13
2026-08-06T04:23:09.022738,3
2026-08-06T07:11:47.929530,5
2026-08-06T09:58:26.557184,8
2026-08-06T12:07:01.429873,10
2026-08-06T14:36:57.761610,14
2026-08-07T05:05:09.220092,6
2026-08-07T06:15:23.621571,6
2026-08-07T07:45:30.823995,14
2026-08-07T08:40:28.558076,16
2026-08-07T09:40:27.065248,11
2026-08-07T10:32:50.915412,15
2026-08-07T11:26:09.146901,13
2026-08-07T12:08:32.445776,9
2026-08-07T13:36:38.117980,13
2026-08-07T14:36:58.353002,14
2026-08-07T15:32:47.197419,14
2026-08-07T16:27:50.514685,19
2026-08-07T17:24:13.922619,29
2026-08-07T18:09:10.427762,29
2026-08-07T19:13:26.086796,19
2026-08-07T19:59:52.644895,16
2026-08-07T20:51:27.792259,14
2026-08-07T21:26:13.914005,14
2026-08-08T05:21:16.936567,2
2026-08-08T06:01:45.298486,7
2026-08-08T07:07:27.996395,9
2026-08-08T07:56:55.413178,21
2026-08-08T08:44:52.060907,24
2026-08-08T09:22:10.001253,19
2026-08-08T10:00:28.469608,15
2026-08-08T10:42:45.186976,17
2026-08-08T11:10:56.706148,17
2026-08-08T11:42:47.620683,15
2026-08-08T12:03:31.280803,17
2026-08-08T13:08:21.483587,18
2026-08-08T13:55:05.631137,20
2026-08-08T14:29:30.244860,20
2026-08-08T14:59:51.662475,20
2026-08-08T15:37:11.794390,19
2026-08-08T16:00:53.781138,22
2026-08-08T16:45:44.007840,22
2026-08-08T17:14:36.344998,21
2026-08-08T17:48:04.585208,20
2026-08-08T18:15:06.522010,19
2026-08-08T19:01:53.886703,19
2026-08-08T19:37:45.552473,17
2026-08-08T20:00:04.608742,16
2026-08-09T05:05:59.751463,1
2026-08-09T05:54:49.501654,3
2026-08-09T06:52:03.844856,9
2026-08-09T07:43:49.738457,16
2026-08-09T08:24:29.200863,22
2026-08-09T09:10:16.125723,26
2026-08-09T09:55:34.175734,23
2026-08-09T10:33:29.981982,18
2026-08-09T11:04:21.866237,19
2026-08-09T11:39:18.352241,18
2026-08-09T12:01:48.407555,18
2026-08-09T13:09:36.914592,15
2026-08-09T13:57:26.069477,15
2026-08-09T14:38:53.117473,16
2026-08-09T15:05:30.822447,15
2026-08-09T15:42:45.386006,17
2026-08-09T16:11:24.133427,18
2026-08-09T16:54:20.981022,24
2026-08-09T17:26:55.390497,26
2026-08-09T17:59:01.256396,23
2026-08-09T18:52:49.033363,16
2026-08-09T19:25:42.403462,16
2026-08-09T19:57:06.428600,14
2026-08-10T04:44:21.164843,5
2026-08-10T06:02:20.155926,9
2026-08-10T07:58:37.087441,17
2026-08-10T09:40:49.962409,16
2026-08-10T10:46:54.078094,13
2026-08-10T11:35:30.693544,10
2026-08-10T12:28:09.651736,8
2026-08-10T13:57:15.116704,16
2026-08-10T15:01:37.486573,23
2026-08-10T16:06:17.273468,32
2026-08-10T17:04:54.200024,38
2026-08-10T17:58:45.130387,38
2026-08-10T19:06:52.017652,22
2026-08-10T19:58:31.648877,19
2026-08-10T20:52:20.473498,16
2026-08-10T21:32:01.816215,13
2026-08-11T05:13:59.765006,6
2026-08-11T06:05:40.806187,6
2026-08-11T07:31:52.529059,7
2026-08-11T08:32:02.968980,11
2026-08-11T09:34:42.576008,14
2026-08-11T10:28:55.058837,16
2026-08-11T11:23:05.075031,11
2026-08-11T12:05:16.377803,10
2026-08-11T13:36:13.615239,14
2026-08-11T14:40:17.122757,24
2026-08-11T15:37:56.926262,31
2026-08-11T16:33:15.159499,35
2026-08-11T17:33:24.251535,32
2026-08-11T18:29:40.019076,32
2026-08-11T19:37:42.198223,22
2026-08-11T20:21:33.852909,14
2026-08-11T21:10:07.285077,13
2026-08-12T05:03:27.186577,7
2026-08-12T06:23:38.852269,7
2026-08-12T07:57:58.801009,14
2026-08-12T09:16:45.641528,15
2026-08-12T10:29:19.611899,11
2026-08-12T11:23:37.682803,11
2026-08-12T12:06:43.802712,12
2026-08-12T13:41:26.621687,12
2026-08-12T14:43:39.700548,15
2026-08-12T15:40:28.385603,23
2026-08-12T16:35:53.275344,27
2026-08-12T17:37:03.403988,26
2026-08-12T18:32:30.257532,25
2026-08-12T19:42:17.245976,22
2026-08-12T20:22:59.270318,18
2026-08-12T21:10:44.070064,14
2026-08-13T05:09:10.148370,6
2026-08-13T06:43:47.190834,6
2026-08-13T08:05:57.000563,6
2026-08-13T09:21:32.703988,8
2026-08-13T10:32:54.450066,14
2026-08-13T11:23:48.279416,11
2026-08-13T12:06:55.244897,8
2026-08-13T13:42:13.066586,10
2026-08-13T15:41:11.558206,18
2026-08-13T16:35:23.899391,15
2026-08-13T17:36:30.347283,19
2026-08-13T18:33:20.877214,19
2026-08-13T19:39:16.519305,13
2026-08-13T20:19:18.694696,8
2026-08-13T21:08:31.121453,6
2026-08-13T22:00:34.107723,3
2026-08-14T05:03:19.108057,7
2026-08-14T06:22:46.007202,6
2026-08-14T07:55:51.155357,10
2026-08-14T09:06:16.518053,13
2026-08-14T10:13:52.974548,12
2026-08-14T11:09:35.115149,13
2026-08-14T11:55:51.667744,11
2026-08-14T13:05:25.403583,9
2026-08-14T14:18:38.638831,13
2026-08-14T15:10:28.869579,15
2026-08-14T16:05:22.228845,15
2026-08-14T17:06:47.907613,8
2026-08-14T18:03:03.336145,12
2026-08-14T19:08:05.932533,10
2026-08-14T19:54:04.569017,10
2026-08-14T20:25:36.959502,10
2026-08-14T20:55:20.624587,9
2026-08-14T21:23:10.270316,6
2026-08-14T21:47:04.718696,4
2026-08-14T22:01:54.526348,3
2026-08-15T05:33:57.795808,5
2026-08-15T05:55:59.847167,6
2026-08-15T06:38:18.331114,15
2026-08-15T07:14:56.116494,21
2026-08-15T07:46:15.114403,22
2026-08-15T08:02:27.000976,24
2026-08-15T08:39:46.441621,20
2026-08-15T09:01:30.365724,20
2026-08-15T09:34:18.224803,21
2026-08-15T09:54:07.129405,19
2026-08-15T10:16:59.791320,21
2026-08-15T10:42:44.374848,25
2026-08-15T10:59:42.395181,23
2026-08-15T11:27:41.083823,20
2026-08-15T11:46:21.859091,19
2026-08-15T11:59:40.778000,14
2026-08-15T12:52:43.959681,15
2026-08-15T13:23:19.249789,11
2026-08-15T13:49:24.278725,11
2026-08-15T14:07:53.522709,10
2026-08-15T14:36:14.188859,12
2026-08-15T14:55:58.923108,11
2026-08-15T15:20:01.979209,10
2026-08-15T15:40:19.934386,10
2026-08-15T15:56:28.537390,10
2026-08-15T16:25:56.539806,9
2026-08-15T16:50:14.085855,12
2026-08-15T17:08:22.200711,12
2026-08-15T17:33:18.411202,12
2026-08-15T17:52:22.428128,13
2026-08-15T18:14:54.719491,13
2026-08-15T18:49:35.399285,10
2026-08-15T19:10:32.395170,12
2026-08-15T19:33:34.062152,9
2026-08-15T19:50:16.941173,5
2026-08-16T05:22:13.325486,4
2026-08-16T05:50:20.073780,6
2026-08-16T06:15:49.419849,7
2026-08-16T07:03:08.586454,8
2026-08-16T07:38:54.630561,14
2026-08-16T07:58:47.985229,20
2026-08-16T08:37:59.795137,18
2026-08-16T09:01:10.893238,19
2026-08-16T09:35:22.055847,18
2026-08-16T09:55:26.407928,18
2026-08-16T10:21:05.225883,20
2026-08-16T10:44:27.610371,19
2026-08-16T11:01:03.759470,20
2026-08-16T11:28:36.939452,18
2026-08-16T11:47:54.131806,17
2026-08-16T12:00:36.398378,17
2026-08-16T12:54:48.117752,19
2026-08-16T13:28:11.879501,16
2026-08-16T13:53:55.411759,15
2026-08-16T14:16:56.354358,14
2026-08-16T14:42:36.957808,16
2026-08-16T15:00:04.766444,15
2026-08-16T15:29:21.427531,14
2026-08-16T15:49:13.343503,14
2026-08-16T16:04:39.006992,16
2026-08-16T16:37:15.614046,17
2026-08-16T16:58:03.915632,18
2026-08-16T17:24:32.548425,18
2026-08-16T17:43:25.965342,16
2026-08-16T17:57:55.482466,15
2026-08-16T18:36:05.967676,12
2026-08-16T18:59:25.932559,12
2026-08-16T19:26:38.730331,10
2026-08-16T19:44:47.028318,7
2026-08-16T19:57:57.845116,5
2026-08-17T04:51:40.465684,6
2026-08-17T05:25:11.627341,4
2026-08-17T05:59:14.604504,6
2026-08-17T07:09:20.670733,7
2026-08-17T07:58:55.730419,15
2026-08-17T08:53:15.347599,19
2026-08-17T09:33:26.128888,17
2026-08-17T10:06:58.671968,19
2026-08-17T10:45:49.193392,20
2026-08-17T11:10:07.241683,19
2026-08-17T11:39:04.405531,16
2026-08-17T11:58:07.144591,16
2026-08-17T12:55:58.759136,14
2026-08-17T13:38:12.721977,17
2026-08-17T14:04:11.769658,17
2026-08-17T14:38:25.869122,20
2026-08-17T14:59:18.774129,20
2026-08-17T15:32:31.247223,29
2026-08-17T15:53:40.724823,36
2026-08-17T16:19:56.764600,37
2026-08-17T16:50:01.610856,37
2026-08-17T17:12:56.512597,42
2026-08-17T17:46:09.803409,34
2026-08-17T18:14:39.524010,27
2026-08-17T19:00:11.988894,22
2026-08-17T19:34:30.751548,22
2026-08-17T19:55:24.094971,18
2026-08-17T20:24:45.849337,16
2026-08-17T20:52:49.223777,14
2026-08-17T21:17:40.071577,10
2026-08-17T21:44:03.899849,8
2026-08-17T22:01:25.640375,4
2026-08-18T04:08:26.477197,2
2026-08-18T04:49:14.379437,9
2026-08-18T05:16:25.380836,9
2026-08-18T05:48:37.111419,6
2026-08-18T06:17:22.871006,4
2026-08-18T07:08:52.040271,6
2026-08-18T07:52:04.184766,12
2026-08-18T08:22:12.983769,18
2026-08-18T08:59:59.669279,15
2026-08-18T09:41:27.639855,14
2026-08-18T10:03:39.105825,15
2026-08-18T10:40:53.607501,15
2026-08-18T11:02:27.286495,14
2026-08-18T11:34:23.773256,11
2026-08-18T11:56:12.753868,12
2026-08-18T12:47:53.403330,12
2026-08-18T13:31:11.027885,14
2026-08-18T14:08:22.369680,15
2026-08-18T14:50:07.418778,24
2026-08-18T15:16:56.766755,25
2026-08-18T15:50:34.009920,36
2026-08-18T16:14:47.020215,37
2026-08-18T16:51:04.777399,36
2026-08-18T17:15:31.277397,37
2026-08-18T17:46:34.636744,28
2026-08-18T18:13:58.399789,26
2026-08-18T18:58:30.884658,27
2026-08-18T19:32:53.559291,14
2026-08-18T19:52:23.798452,14
2026-08-18T20:12:06.581598,14
2026-08-18T20:41:11.250846,8
2026-08-18T20:59:49.892392,7
2026-08-18T21:31:11.407655,5
2026-08-18T21:51:14.828842,4
2026-08-19T04:31:15.662266,8
2026-08-19T05:05:04.036809,9
2026-08-19T05:41:57.818199,7
2026-08-19T06:03:03.527557,6
2026-08-19T07:00:18.685644,7
2026-08-19T07:47:05.827627,12
2026-08-19T08:17:26.009952,13
2026-08-19T08:58:14.032499,14
2026-08-19T09:39:33.713589,12
2026-08-19T10:02:49.120580,13
2026-08-19T10:39:34.164108,12
2026-08-19T11:00:51.840590,11
2026-08-19T11:33:27.079152,8
2026-08-19T11:55:21.608655,7
2026-08-19T12:42:37.503228,10
2026-08-19T13:31:14.161594,16
2026-08-19T14:08:16.821644,20
2026-08-19T14:50:57.664545,30
2026-08-19T15:17:40.903562,30
2026-08-19T15:50:16.495579,30
2026-08-19T16:14:20.327845,34
2026-08-19T16:49:17.468581,35
2026-08-19T17:13:03.578849,34
2026-08-19T17:42:20.962683,28
2026-08-19T17:59:35.739316,28
2026-08-19T18:46:14.939704,20
2026-08-19T19:12:10.108463,14
2026-08-19T19:40:34.078469,15
2026-08-19T19:58:59.357158,16
2026-08-19T20:36:22.295514,6
2026-08-19T20:59:01.001128,6
2026-08-19T21:32:40.252063,3
2026-08-19T21:54:48.713999,2
2026-08-20T04:46:12.799021,4
2026-08-20T05:16:28.053159,6
2026-08-20T05:49:49.495513,6
2026-08-20T06:19:48.378375,8
2026-08-20T07:11:45.914037,9
2026-08-20T07:57:07.725354,9
2026-08-20T08:42:10.802906,11
2026-08-20T09:17:15.490691,12
2026-08-20T09:53:14.775656,12
2026-08-20T10:21:43.565805,10
2026-08-20T10:53:36.961940,10
2026-08-20T11:19:46.953869,10
2026-08-20T11:47:33.522045,12
2026-08-20T12:16:15.731264,14
2026-08-20T13:14:57.333832,13
2026-08-20T14:01:24.941735,24
2026-08-20T14:47:12.869767,26
2026-08-20T15:18:28.335849,30
2026-08-20T15:52:19.347908,34
2026-08-20T16:22:22.140597,36
2026-08-20T16:58:28.290649,37
2026-08-20T17:36:15.450762,36
2026-08-20T17:59:56.770224,35
2026-08-20T18:52:06.668713,25
2026-08-20T19:22:41.967992,23
2026-08-20T19:53:00.398192,18
2026-08-20T20:19:10.418254,18
2026-08-20T20:51:07.512172,19
2026-08-20T21:15:42.134022,18
2026-08-20T21:46:47.190622,15
2026-08-21T04:20:01.799291,4
2026-08-21T04:59:09.413754,7
2026-08-21T05:39:16.890249,8
2026-08-21T06:03:07.851995,7
2026-08-21T07:02:23.659097,5
2026-08-21T07:51:45.635728,15
2026-08-21T08:25:39.811879,15
2026-08-21T09:07:00.699989,14
2026-08-21T09:50:02.714561,15
2026-08-21T10:15:11.161196,15
2026-08-21T10:50:24.002285,16
2026-08-21T11:13:07.357619,15
2026-08-21T11:43:53.134010,15
2026-08-21T12:03:31.023346,17
2026-08-21T13:05:25.088729,21
2026-08-21T13:54:23.385129,20
2026-08-21T14:30:26.673904,18
2026-08-21T15:05:04.109534,19
2026-08-21T15:44:30.762912,17
2026-08-21T16:12:55.109346,18
2026-08-21T16:52:54.344869,25
2026-08-21T17:20:15.190242,27
2026-08-21T17:50:38.644389,28
2026-08-21T18:16:43.386174,27
2026-08-21T19:01:09.590466,19
2026-08-21T19:31:51.404062,17
2026-08-21T19:51:10.209741,18
2026-08-21T20:11:09.928949,15
2026-08-21T20:41:04.056203,14
2026-08-21T21:00:23.222421,12
2026-08-21T21:32:18.244438,9
2026-08-21T21:54:21.356534,8
2026-08-22T05:36:06.849458,2
2026-08-22T05:58:24.156589,2
2026-08-22T06:51:15.435722,6
2026-08-22T07:21:25.050181,10
2026-08-22T07:51:07.830506,20
2026-08-22T08:14:18.191367,22
2026-08-22T08:49:55.136396,22
2026-08-22T09:13:29.854418,19
2026-08-22T09:44:24.611133,15
2026-08-22T10:01:20.181134,15
2026-08-22T10:33:21.931397,15
2026-08-22T10:54:46.949985,14
2026-08-22T11:17:51.538824,13
2026-08-22T11:39:43.641401,14
2026-08-22T11:56:54.176239,14
2026-08-22T12:43:49.351070,14
2026-08-22T13:19:57.755527,18
2026-08-22T13:47:52.672006,16
2026-08-22T14:02:51.657694,17
2026-08-22T14:32:31.295204,16
2026-08-22T14:53:09.400166,14
2026-08-22T15:13:09.127274,10
2026-08-22T15:36:33.326934,11
2026-08-22T15:54:40.636681,14
2026-08-22T16:19:25.145257,13
2026-08-22T16:44:43.650278,10
2026-08-22T17:02:02.992059,11
2026-08-22T17:30:08.388500,11
2026-08-22T17:50:27.013224,12
2026-08-22T18:08:41.040297,12
2026-08-22T18:47:05.746812,9
2026-08-22T19:10:37.099811,10
2026-08-22T19:34:16.852714,8
2026-08-22T19:51:54.630121,3
2026-08-23T05:18:46.496334,2
2026-08-23T05:49:57.283974,4
2026-08-23T06:16:47.592271,6
2026-08-23T07:05:52.328739,9
2026-08-23T07:43:48.598313,16
2026-08-23T08:02:36.377474,20
2026-08-23T08:42:31.170873,20
2026-08-23T09:04:16.863287,23
2026-08-23T09:37:48.614574,22
2026-08-23T09:57:42.557985,22
2026-08-23T10:28:44.208607,22
2026-08-23T10:51:55.044378,20
2026-08-23T11:11:35.587883,19
2026-08-23T11:34:24.169713,16
2026-08-23T11:53:18.645481,16
2026-08-23T12:25:17.278298,19
2026-08-23T13:09:48.855657,19
2026-08-23T13:44:40.926785,26
2026-08-23T14:02:21.787700,24
2026-08-23T14:33:27.680287,22
2026-08-23T14:55:09.001042,20
2026-08-23T15:20:01.248081,17
2026-08-23T15:41:52.541940,16
2026-08-23T15:58:19.078997,16
2026-08-23T16:33:17.747222,19
2026-08-23T16:56:02.191208,20
2026-08-23T17:20:17.691066,18
2026-08-23T17:40:11.636175,20
2026-08-23T17:56:01.108743,20
2026-08-23T18:29:28.773697,16
2026-08-23T18:59:07.079156,12
2026-08-23T19:28:05.874435,10
2026-08-23T19:46:42.592034,10
2026-08-23T20:00:05.481352,9
2026-08-24T04:31:26.254547,4
2026-08-24T05:21:20.698248,4
2026-08-24T05:59:04.057589,6
2026-08-24T07:13:02.493742,8
2026-08-24T08:04:51.341908,20
2026-08-24T08:59:40.323830,19
2026-08-24T09:56:40.658662,14
2026-08-24T10:38:24.072101,13
2026-08-24T11:05:44.409020,14
2026-08-24T11:40:00.452768,16
2026-08-24T12:00:56.289296,16
2026-08-24T13:06:15.155039,16
2026-08-24T13:59:00.124256,15
2026-08-24T14:50:58.368407,28
2026-08-24T15:25:50.910874,35
2026-08-24T16:04:01.748611,35
2026-08-24T16:51:18.345323,38
2026-08-24T17:20:08.703864,31
2026-08-24T17:52:20.474692,34
2026-08-24T18:25:56.332829,30
2026-08-24T19:09:23.923929,24
2026-08-24T19:43:18.290642,21
2026-08-24T20:03:36.077341,18
2026-08-24T20:43:22.898046,16
2026-08-24T21:12:09.215870,14
2026-08-24T21:44:30.050307,10
2026-08-25T04:38:42.851427,6
2026-08-25T05:16:25.906636,7
2026-08-25T05:50:31.518600,4
2026-08-25T06:20:26.396802,4
2026-08-25T07:14:21.139867,4
2026-08-25T08:00:38.960277,9
2026-08-25T08:52:52.608940,13
2026-08-25T09:26:24.668830,12
2026-08-25T10:00:51.959921,14
2026-08-25T10:41:52.741980,13
2026-08-25T11:04:40.097199,14
2026-08-25T11:37:37.595262,14
2026-08-25T12:00:43.329666,11
2026-08-25T13:03:49.983148,17
2026-08-25T13:58:42.314752,24
2026-08-25T14:53:09.472992,33
2026-08-25T15:34:15.663976,36
2026-08-25T16:16:41.212378,36
2026-08-25T16:59:06.263499,40
2026-08-25T17:37:42.176005,27
2026-08-25T18:01:45.592612,23
2026-08-25T18:51:44.409451,26
2026-08-25T19:21:47.353271,25
2026-08-25T19:51:51.436057,20
2026-08-25T20:16:01.960225,18
2026-08-25T20:49:16.171585,14
2026-08-25T21:12:58.456491,10
2026-08-25T21:45:03.464430,9
2026-08-25T22:01:57.591519,2
2026-08-26T04:19:04.364183,2
2026-08-26T04:59:40.086090,4
2026-08-26T05:40:57.993195,4
2026-08-26T06:17:39.066455,6
2026-08-26T07:12:43.693403,10
2026-08-26T08:00:52.932742,18
2026-08-26T08:54:47.747182,24
2026-08-26T09:37:23.258090,15
2026-08-26T10:16:40.874137,13
2026-08-26T10:54:05.477995,21
2026-08-26T11:24:15.639834,17
2026-08-26T11:54:47.454281,16
2026-08-26T12:45:14.773525,13
2026-08-26T13:41:05.497868,12
2026-08-26T14:26:30.094739,15
2026-08-26T16:00:03.403792,18
2026-08-26T16:53:14.401001,18
2026-08-26T18:50:49.481564,19
2026-08-26T21:19:14.022841,10
2026-08-27T10:47:12.739746,11
2026-08-27T20:47:53.830791,12
2026-08-28T04:54:55.608000,6
2026-08-28T17:08:49.171356,22
2026-08-29T07:45:13.987812,17
2026-08-29T13:23:06.562752,15
2026-08-29T17:15:44.349926,20
2026-08-29T19:47:20.508594,14
2026-08-30T05:23:21.558702,2
2026-08-30T10:34:16.721846,23
2026-08-30T14:57:43.413430,20
2026-08-30T18:30:55.012528,22
2026-08-31T07:39:46.302763,11
2026-08-31T15:27:41.261699,32
2026-08-31T20:59:27.393642,17
2026-09-01T05:34:30.094015,8
2026-09-01T10:24:33.760662,12
2026-09-01T15:03:09.347553,35
2026-09-01T18:24:30.510129,36
2026-09-01T21:11:31.491849,6
2026-09-02T05:46:39.248155,6
2026-09-02T09:58:10.020024,9
2026-09-02T14:15:30.124506,20
2026-09-02T17:55:39.430771,29
